hero_id,name,story,image,res,destiny,,max_level,size,move_speed,job,star,party,,cost,is_eaten,is_sell,AD_initial,DD_initial,AP_initial,DP_initial,HP_initial,AD_increase,AP_increase,DD_increase,DP_increase,HP_increase,skill_normal,skill_rage,type,book_id,rage,AI,destiny1,destiny2,destiny3,destiny4,destiny5,destiny6,skill_cd,hit,dodge,crt,crt_nerf,,
1,放血者,作为恶魔和兽人的杂交品种，放血者被所有凡间的活物所排斥。他常年用被害者的血来沐浴，以此来治疗他的伤口，并因此在遗传学领域取得了极深的造诣。每当太阳下山，夜魔・初夜掠夺者就会和他一起认真地探讨各种学术问题。,fangxuezhe,BloodDevil,fangxuezhe,,10,"1,1","1,8",0,4,2,放血者,13,1,1,335,51,335,51,1809,24,4,24,4,129,3,3,1,1,100,1,1 ,2,3,4,1,1,"1,20",50,40 ,40,40,,
2,冰女,经过长年训练，冰妹不但善于运用令人叹为观止的冰冻魔法，还开发出梳理他人魔力回路的冷冻治疗方法。如今她被称为世上最为强大的“美女”辅助法师，频频出现在各种男性杂志的封面上。,bingnv,Rylai,bingnv,,15,"1,1","1,16",2,5,1,冰冰,16,1,1,243,170,425,170,2183,18,13,31,13,155,5,7,2,1,100,2,2 ,3,4,1,1,1,"1,20",50,40 ,40,40,,
3,术士,作为被深渊肉虫控制的黑道社团头目，他加入天灾军团以回报巫妖王。依赖着恶魔保镖的强大，他尽情享受着折磨那些傲娇种族的快乐，同时也乐于分享自己在中医养生方面的心得。,shushi,Warlock,shushi,,25,"1,1","1,16",2,4,2,术士,19,1,1,168,67,377,117,1809,12,5,27,9,129,1,11,3,1,100,2,3 ,4,1,2,1,1,"1,20",50,40 ,40,40,,
4,深渊肉虫,魔王阿奇蒙德手下的深渊领主之一。燃烧军团第一次大败之后，落在狂怒的兽人手中被烤成了一只肉虫。但是因缘际会，他反而掌握了更精妙的火焰法术，挣脱了囚牢。从此肉虫君便热爱上了烧烤活人这项简单粗暴的黑暗料理艺术。,shenyuanrouchong,Lords,shenyuanrouchong,,40,"1,1","1,12",1,5,2,深渊肉虫,22,1,1,84,101,84,167,2412,6,8,6,12,172,3,2,4,1,100,1,4 ,1,2,3,1,1,"1,20",50,40 ,40,40,,
5,福特慢,Footman，步兵又俗称脚男。庞大的英雄列表中最不起眼的一个，但是须知团结的力量是惊人的。传说只要在副本里面对25个脚男的制裁之剑，任何邪恶之徒都要乖乖躺尸，交出自己的宝物。,futeman,HumanSoldier,futeman,,60,"1,1","1,8",0,2,1,福特慢,25,1,1,35,56,35,56,1008,3,4,3,4,72,3,3,5,1,100,1,1 ,2,3,4,1,1,"1,20",50,40 ,40,40,,
6,步兵,傻奥克。别人都说兽族人傻好欺负，但是绝对不要小看这股蛮力。其自传《奥克正传》里有一句话：人生就像一盒脑袋瓜，你永远不知道下一颗的味道。,bubing,OrcishSoldier,bubing,,85,"1,1","1,8",1,2,2,傻奥克,28,1,1,158,35,70,21,882,12,3,6,2,63,3,3,6,1,100,1,2 ,3,4,1,1,1,"1,20",50,40 ,40,40,,
7,斧圣,关于兽人剑圣的传说已经过时啦，在狂战斧圣面前神马五杀、超神都是浮云。拯救世界？so easy！“你只看到我的螃蟹步，却没看到我的无敌斩。你有你的飘逸，我有我的霸道。我是斧圣，我为自己代言。”,Blademaster,Blademaster,Blademaster,,10,"1,1","1,8",1,4,2,斧圣,22,1,1,418,51,251,51,1809,30,4,18,4,129,3,6,2,2,100,1,3 ,4,1,2,1,1,"1,20",50,40 ,40,40,,
8,屠夫,天灾主力后勤，同首席黑暗料理师“深渊肉虫君”一同负责整个军团的伙食问题。毫无疑问他是一名好屠夫，但是总是忍不住偷吃鲜肉。这直接导致了大部分军团士兵，如食尸鬼、巫妖、骷髅兵等的营养不良状态。,tufu,tufu,tufu,,60,"1,1","1,8",0,5,2,屠夫,25,1,1,364,146,182,97,3492,26,11,13,8,248,3,1,5,113,100,1,4 ,1,2,3,1,1,"1,20",50,40 ,40,40,,
9,幽鬼,前任典狱官一族的族长，因为屡次对囚犯做出违背世俗伦理的禁忌之事，在死后化作幽鬼。特长是折射，如果你打她越疼，也许反而是你伤的更重。更擅长以多对一的鬼影重重之术，所以面对这样的女鬼，还是不要硬上了。,yougui,yougui,yougui,,40,"1,1","1,4",3,4,2,幽鬼,22,1,1,377,67,209,67,2111,27,5,15,5,150,3,1,4,206,100,1,1 ,2,3,4,1,1,"1,20",50,40 ,40,40,,
10,炸弹人,全国技术领先的爆破艺术组合，已经改名拉灯，还是熟悉的雷鸣，还是闪亮的火光。“牺牲小我，成全大我”在拉灯组合身上得到了最好的诠释。对他们来说，爆破，是奉献，是艺术，更是信仰！友情提示：拆弹一时爽，全家火葬场。,ladeng,zhadanren,ladeng,,40,"1,1","1,8",1,4,2,拉灯,22,1,1,168,101,293,151,1206,12,8,21,11,86,10,4,4,206,100,1,2 ,3,4,1,1,1,"1,20",50,40 ,40,40,,
11,剑王,兽人剑圣的传说确实已是过去时了，自从在海咖尔山某个山洞拔起了一把名为“醉银剑”的符文重剑，他已参透“无我无贱”的黑暗的剑术奥义，开始为天灾效忠。出山之后，果然在西部大陆再无敌手，如今他正摩拳擦掌，打算将那些屠戮他族人的近卫杂种碎尸万段，夺回“剑王”的称号。,jianwang,jianwang,jianwang,,40,"1,1","1,8",0,4,2,剑王,22,1,1,364,170,122,146,2619,26,13,9,11,186,3,4,4,209,100,1,3 ,4,1,2,1,1,"1,20",50,40 ,40,40,,
12,小鱼人,他是一条鱼,xiaorenyu,xiaoyuren,xiaorenyu,,25,"1,1","1,8",1,3,1,小鱼人,19,1,1,140,21,140,21,1134,11,2,11,2,81,3,9,3,10003,100,1,4 ,1,2,3,1,1,"1,20",50,40 ,40,40,,
13,猪骑兵,他是一头会武术的猪,zhuqibing,zhuqibing,zhuqibing,,85,"1,1","1,10",4,3,1,猪骑兵,28,1,1,65,104,65,104,2808,5,8,5,8,200,3,3,6,103,100,1,1,4,4,3,3,1,"1,20",50,4 ,40,40,,
14,潮人,身为上古邪神的一员，利维坦曾被众神封印在无尽深渊之中。没想到的是经过千年的囚禁，培养了他独特的忧郁气质。那健壮的体魄，空洞的眼神，唏嘘的胡碴，杂乱的头发，以及画龙点睛的鲨皮披肩，深得服装设计师兼天灾主力dps“幻影刺客”的青睐。于是潮人在天灾入职后，当仁不让地兼任了军团形象大使的职位。,chaoren,chaoren,chaoren,,40,"1,1","1,8",0,4,2,潮人,22,1,1,209,101,209,84,2111,15,8,15,6,150,1401,1402,4,107,100,1,1,1,1,1,1,1,"1,20",50,40,40,40,,
15,薇艾斯,有一个美丽的小女孩，她的名字叫作小薇。自从“背叛者”一粒蛋逃离了守望者牢笼，只剩下薇艾斯小妹妹，背负典狱官一族的罪与罚。坚强的小薇并没有像姐姐幻刺那样醉心奇葩的制服设计艺术，而是苦练职业技能，最后终于练出了一手投掷魔法箭的绝活，在监狱职工扔沙包比赛中轻松获得总决赛mvp的殊荣。,weiaisi,weiaisi,weiaisi,,40,"1,1","1,12",5,4,1,薇艾斯,22,1,1,377,67,209,67,1809,27,5,15,5,129,1501,1502,4,155,100,0,1,1,1,1,1,1,"1,20",50,40,40,40,,
16,地狱火,体态庞大，生性残忍，浑身被邪能火焰包围，如果惹怒了有恶魔血统的boss们，小心出门被地狱火砸死。,diyuhuo,diyuhuo,diyuhuo,,25,"1,1","1,10",4,3,0,地狱火,19,1,1,293,65,130,39,1638,21,5,10,3,117,1601,,3,10058,100,1,1,1,1,1,1,1,"1,20",50,40,40,40,,
17,放血者,作为恶魔和兽人的杂交品种，放血者被所有凡间的活物所排斥。他常年用被害者的血来沐浴，以此来治疗他的伤口，并因此在遗传学领域取得了极深的造诣。每当太阳下山，夜魔・初夜掠夺者就会和他一起认真地探讨各种学术问题。,fangxuezhe,BloodDevil,fangxuezhe,,10,"1,1","1,8",3,4,2,放血者,13,1,1,335,51,335,51,1809,24,4,24,4,129,101,102,1,1,100,1,1 ,1,1,1,1,1,"1,20",50,40 ,40,40,,
18,冰冰,经过长年训练，冰妹不但善于运用令人叹为观止的冰冻魔法，还开发出梳理他人魔力回路的冷冻治疗方法。如今她被称为世上最为强大的“美女”辅助法师，频频出现在各种男性杂志的封面上。,bingnv,Rylai,bingnv,,15,"1,1","1,16",2,5,1,冰冰,16,1,1,243,170,425,170,2183,18,13,31,13,155,201,,2,1,100,2,1 ,1,1,1,1,1,"1,20",50,40 ,40,40,,
19,术士,作为被深渊肉虫控制的黑道社团头目，他加入天灾军团以回报巫妖王。依赖着恶魔保镖的强大，他尽情享受着折磨那些傲娇种族的快乐，同时也乐于分享自己在中医养生方面的心得。,shushi,Warlock,shushi,,25,"1,1","1,16",2,4,2,术士,19,1,1,168,67,377,117,1809,12,5,27,9,129,301,302,3,1,100,2,1 ,1,1,1,1,1,"1,20",50,40 ,40,40,,
20,深渊肉虫,魔王阿奇蒙德手下的深渊领主之一。燃烧军团第一次大败之后，落在狂怒的兽人手中被烤成了一只肉虫。但是因缘际会，他反而掌握了更精妙的火焰法术，挣脱了囚牢。从此肉虫君便热爱上了烧烤活人这项简单粗暴的黑暗料理艺术。,shenyuanrouchong,Lords,shenyuanrouchong,,40,"1,1","1,10",4,5,2,深渊肉虫,22,1,1,84,101,84,167,2412,6,8,6,12,172,401,402,4,1,100,1,1 ,1,1,1,1,1,"1,20",50,40 ,40,40,,
21,福特慢,Footman，步兵又俗称脚男。庞大的英雄列表中最不起眼的一个，但是须知团结的力量是惊人的。传说只要在副本里面对25个脚男的制裁之剑，任何邪恶之徒都要乖乖躺尸，交出自己的宝物。,futeman,HumanSoldier,futeman,,60,"1,1","1,8",0,2,1,福特慢,25,1,1,35,56,35,56,1008,3,4,3,4,72,501,502,5,1,100,1,1 ,1,1,1,1,1,"1,20",50,40 ,40,40,,
22,傻奥克,傻奥克。别人都说兽族人傻好欺负，但是绝对不要小看这股蛮力。其自传《奥克正传》里有一句话：人生就像一盒脑袋瓜，你永远不知道下一颗的味道。,bubing,OrcishSoldier,bubing,,85,"1,1","1,8",0,2,2,傻奥克,28,1,1,158,35,70,21,882,12,3,6,2,63,601,602,6,1,100,0,1 ,1,1,1,1,1,"1,20",50,40 ,40,40,,
23,斧圣,关于兽人剑圣的传说已经过时啦，在狂战斧圣面前神马五杀、超神都是浮云。拯救世界？so easy！“你只看到我的螃蟹步，却没看到我的无敌斩。你有你的飘逸，我有我的霸道。我是斧圣，我为自己代言。”,Blademaster,Blademaster,Blademaster,,10,"1,1","1,4",3,4,2,斧圣,22,1,1,418,51,251,51,1809,30,4,18,4,129,701,702,2,2,100,1,1 ,1,1,1,1,1,"1,20",50,40 ,40,40,,
24,屠夫,天灾主力后勤，同首席黑暗料理师“深渊肉虫君”一同负责整个军团的伙食问题。毫无疑问他是一名好屠夫，但是总是忍不住偷吃鲜肉。这直接导致了大部分军团士兵，如食尸鬼、巫妖、骷髅兵等的营养不良状态。,tufu,tufu,tufu,,60,"1,1","1,8",0,5,2,屠夫,25,1,1,364,146,182,97,3492,26,11,13,8,248,801,802,5,113,100,1,1,1,1,1,1,1,"1,20",50,40 ,40,40,,
25,幽鬼,前任典狱官一族的族长，因为屡次对囚犯做出违背世俗伦理的禁忌之事，在死后化作幽鬼。特长是折射，如果你打她越疼，也许反而是你伤的更重。更擅长以多对一的鬼影重重之术，所以面对这样的女鬼，还是不要硬上了。,yougui,yougui,yougui,,40,"1,1","1,4",3,4,2,幽鬼,22,1,1,377,67,209,67,2111,27,5,15,5,150,901,902,4,206,100,1,1,1,1,1,1,1,"1,20",50,40 ,40,40,,
26,拉登,全国技术领先的爆破艺术组合，已经改名拉灯，还是熟悉的雷鸣，还是闪亮的火光。“牺牲小我，成全大我”在拉灯组合身上得到了最好的诠释。对他们来说，爆破，是奉献，是艺术，更是信仰！友情提示：拆弹一时爽，全家火葬场。,ladeng,zhadanren,ladeng,,40,"1,1","1,12",1,4,2,拉灯,22,1,1,168,101,293,151,1206,12,8,21,11,86,1001,1002,4,206,100,0,1,1,1,1,1,1,"1,20",50,40 ,40,40,,
27,剑王,兽人剑圣的传说确实已是过去时了，自从在海咖尔山某个山洞拔起了一把名为“醉银剑”的符文重剑，他已参透“无我无贱”的黑暗的剑术奥义，开始为天灾效忠。出山之后，果然在西部大陆再无敌手，如今他正摩拳擦掌，打算将那些屠戮他族人的近卫杂种碎尸万段，夺回“剑王”的称号。,jianwang,jianwang,jianwang,,40,"1,1","1,8",0,4,2,剑王,22,1,1,364,170,122,146,2619,26,13,9,11,186,1101,1102,4,209,100,1,1,1,1,1,1,1,"1,20",50,40 ,40,40,,
28,小鱼人,他是一条鱼,xiaorenyu,xiaoyuren,xiaorenyu,,15,"1,1","1,4",3,2,0,小鱼人,16,1,1,140,21,140,21,756,11,2,11,2,54,1201,,3,10003,100,0,1,1,1,1,1,1,"1,20",50,40 ,40,40,,
29,猪骑兵,他是一头会武术的猪,zhuqibing,zhuqibing,zhuqibing,,25,"1,1","1,10",4,3,1,猪骑兵,19,1,1,65,104,65,104,1872,5,8,5,8,133,1301,,6,103,100,1,1,1,1,1,1,1,"1,20",50,4 ,40,40,,
,,,,,,,,,,,,,,,,,,,,,,,,,,,,,,,,,,,,,,,,,,,,,
101,人马酋长,"即使按人马的标准，酋长“布兰德瓦登”身材依然称得上是“远古巨兽”。因为同胞们都已被天灾腐化，他不得不加入近卫走上复仇之路。别看他笨重，自从领悟了""人马，跳大！""的绝技之后，斩杀亡灵更加游刃有余了。",Blademaster,Blademaster,rmqc,3.00 ,40,"1,1","14,100",0,4,1,,22,1,1,314,101,126,67,2262,23,8,9,5,161,1,1,4,101,100,1,1011,1012,1013,1014,1015,1016,"1,18",50,40 ,40,40,,
102,人马酋长,"即使按人马的标准，酋长“布兰德瓦登”身材依然称得上是“远古巨兽”。因为同胞们都已被天灾腐化，他不得不加入近卫走上复仇之路。别看他笨重，自从领悟了""人马，跳大！""的绝技之后，斩杀亡灵更加游刃有余了。",Blademaster,Blademaster,rmqc,3.00 ,60,"1,1","14,100",0,5,1,,25,1,1,455,146,182,97,3274,33,11,13,8,232,1,1,5,102,100,1,1011,1012,1013,1014,1015,1016,"1,19",50,40 ,40,40,,
103,人马酋长,"即使按人马的标准，酋长“布兰德瓦登”身材依然称得上是“远古巨兽”。因为同胞们都已被天灾腐化，他不得不加入近卫走上复仇之路。别看他笨重，自从领悟了""人马，跳大！""的绝技之后，斩杀亡灵更加游刃有余了。",Blademaster,Blademaster,rmqc,3.00 ,85,"1,1","14,100",0,6,1,,28,1,1,595,191,238,127,4287,43,14,18,10,304,1,1,6,103,100,1,1011,1012,1013,1014,1015,1016,"1,20",50,40 ,40,40,,
104,姥姥,原本是与世无争的潘达利亚兰若寺内一颗万年树精，被手下林精女鬼称作“姥姥”。经一名叫燕赤霞的熊猫人武僧超度之后，决定放下屠刀立地成佛，立誓加入近卫军团，走上了对抗恐怖天灾，弘扬正道、讲文明树新风的不归路。,Blademaster,Blademaster,laol,3.00 ,40,"1,1","14,100",0,4,1,,22,1,1,356,92,168,51,2111,26,7,12,4,150,1,1,4,104,100,1,1041,1042,1043,1044,1045,1046,"1,30",50,40 ,40,40,,
105,姥姥,原本是与世无争的潘达利亚兰若寺内一颗万年树精，被手下林精女鬼称作“姥姥”。经一名叫燕赤霞的熊猫人武僧超度之后，决定放下屠刀立地成佛，立誓加入近卫军团，走上了对抗恐怖天灾，弘扬正道、讲文明树新风的不归路。,Blademaster,Blademaster,laol,3.00 ,60,"1,1","14,100",0,5,1,,25,1,1,516,134,243,73,3056,37,10,18,6,217,1,1,5,105,100,1,1041,1042,1043,1044,1045,1046,"1,20",50,40 ,40,40,,
106,姥姥,原本是与世无争的潘达利亚兰若寺内一颗万年树精，被手下林精女鬼称作“姥姥”。经一名叫燕赤霞的熊猫人武僧超度之后，决定放下屠刀立地成佛，立誓加入近卫军团，走上了对抗恐怖天灾，弘扬正道、讲文明树新风的不归路。,Blademaster,Blademaster,laol,3.00 ,85,"1,1","14,100",0,6,1,,28,1,1,675,175,318,96,4001,49,13,23,7,284,1,1,6,106,100,1,1041,1042,1043,1044,1045,1046,"1,30",50,40 ,40,40,,
107,潮人,身为上古邪神的一员，利维坦曾被众神封印在无尽深渊之中。没想到的是经过千年的囚禁，培养了他独特的忧郁气质。那健壮的体魄，空洞的眼神，唏嘘的胡碴，杂乱的头发，以及画龙点睛的鲨皮披肩，深得服装设计师兼天灾主力dps“幻影刺客”的青睐。于是潮人在天灾入职后，当仁不让地兼任了军团形象大使的职位。,chaoren,chaoren,chaor,3.00 ,40,"1,1","14,100",0,4,2,,22,1,1,272,101,168,84,1960,20,8,12,6,140,1,1,4,107,100,1,1071,1072,1073,1074,1075,1076,"1,20",50,40 ,40,40,,
108,潮人,身为上古邪神的一员，利维坦曾被众神封印在无尽深渊之中。没想到的是经过千年的囚禁，培养了他独特的忧郁气质。那健壮的体魄，空洞的眼神，唏嘘的胡碴，杂乱的头发，以及画龙点睛的鲨皮披肩，深得服装设计师兼天灾主力dps“幻影刺客”的青睐。于是潮人在天灾入职后，当仁不让地兼任了军团形象大使的职位。,chaoren,chaoren,chaor,3.00 ,60,"1,1","14,100",0,5,2,,25,1,1,394,146,243,121,2838,28,11,18,9,201,1,1,5,108,100,1,1071,1072,1073,1074,1075,1076,"1,20",50,40 ,40,40,,
109,潮人,身为上古邪神的一员，利维坦曾被众神封印在无尽深渊之中。没想到的是经过千年的囚禁，培养了他独特的忧郁气质。那健壮的体魄，空洞的眼神，唏嘘的胡碴，杂乱的头发，以及画龙点睛的鲨皮披肩，深得服装设计师兼天灾主力dps“幻影刺客”的青睐。于是潮人在天灾入职后，当仁不让地兼任了军团形象大使的职位。,chaoren,chaoren,chaor,3.00 ,85,"1,1","14,100",0,6,2,,28,1,1,516,191,318,159,3715,38,14,23,12,264,1,1,6,109,100,1,1071,1072,1073,1074,1075,1076,"1,30",50,40 ,40,40,,
110,小小,原本只是无尽之海花果山的一块普通石头，自从被飞来飞去的先知随手用了下“点金”，小小就被赋予了生命。为了报答生身父亲的恩情，少年小小开始了奇幻的漂流之旅，终于在大战的前夕赶上了近卫军团的动员大会，于是凭借亲爹的“硬关系”成功上位为主力肉盾。,Blademaster,Blademaster,xiaox,3.00 ,40,"1,1","14,100",0,4,1,,22,1,1,356,92,168,51,2111,26,7,12,4,150,1,1,4,110,100,1,1101,1102,1103,1104,1105,1106,"1,20",50,40 ,40,40,,
111,小小,原本只是无尽之海花果山的一块普通石头，自从被飞来飞去的先知随手用了下“点金”，小小就被赋予了生命。为了报答生身父亲的恩情，少年小小开始了奇幻的漂流之旅，终于在大战的前夕赶上了近卫军团的动员大会，于是凭借亲爹的“硬关系”成功上位为主力肉盾。,Blademaster,Blademaster,xiaox,3.00 ,60,"1,1","14,100",0,5,1,,25,1,1,516,134,243,73,3056,37,10,18,6,217,1,1,5,111,100,1,1101,1102,1103,1104,1105,1106,"1,30",50,40 ,40,40,,
112,小小,原本只是无尽之海花果山的一块普通石头，自从被飞来飞去的先知随手用了下“点金”，小小就被赋予了生命。为了报答生身父亲的恩情，少年小小开始了奇幻的漂流之旅，终于在大战的前夕赶上了近卫军团的动员大会，于是凭借亲爹的“硬关系”成功上位为主力肉盾。,Blademaster,Blademaster,xiaox,3.00 ,85,"1,1","14,100",0,6,1,,28,1,1,675,175,318,96,4001,49,13,23,7,284,1,1,6,112,100,1,1101,1102,1103,1104,1105,1106,"1,20",50,40 ,40,40,,
113,屠夫,天灾主力后勤，同首席黑暗料理师“深渊肉虫君”一同负责整个军团的伙食问题。毫无疑问他是一名好屠夫，但是总是忍不住偷吃鲜肉。这直接导致了大部分军团士兵，如食尸鬼、巫妖、骷髅兵等的营养不良状态。,tufu,tufu,tuf,3.00 ,60,"1,1","14,100",0,5,2,,25,1,1,455,146,182,97,3274,33,11,13,8,232,1,1,5,113,100,1,1131,1132,1133,1134,1135,1136,"1,30",50,40 ,40,40,,
114,屠夫,天灾主力后勤，同首席黑暗料理师“深渊肉虫君”一同负责整个军团的伙食问题。毫无疑问他是一名好屠夫，但是总是忍不住偷吃鲜肉。这直接导致了大部分军团士兵，如食尸鬼、巫妖、骷髅兵等的营养不良状态。,tufu,tufu,tuf,3.00 ,85,"1,1","14,100",0,6,2,,28,1,1,595,191,238,127,4287,43,14,18,10,304,1,1,6,114,100,1,1131,1132,1133,1134,1135,1136,"1,20",50,40 ,40,40,,
115,屠夫,天灾主力后勤，同首席黑暗料理师“深渊肉虫君”一同负责整个军团的伙食问题。毫无疑问他是一名好屠夫，但是总是忍不住偷吃鲜肉。这直接导致了大部分军团士兵，如食尸鬼、巫妖、骷髅兵等的营养不良状态。,tufu,tufu,tuf,3.00 ,99,"1,1","14,100",0,7,2,,31,1,1,736,236,295,157,5299,53,17,21,12,375,1,1,7,115,100,1,1131,1132,1133,1134,1135,1136,"1,20",50,40 ,40,40,,
116,剑王,兽人剑圣的传说确实已是过去时了，自从在海咖尔山某个山洞拔起了一把名为“醉银剑”的符文重剑，他已参透“无我无贱”的黑暗的剑术奥义，开始为天灾效忠。出山之后，果然在西部大陆再无敌手，如今他正摩拳擦掌，打算将那些屠戮他族人的近卫杂种碎尸万段，夺回“剑王”的称号。,jianwang,jianwang,jianw,6.00 ,15,"1,1","14,100",0,2,2,,16,1,1,123,46,53,32,882,10,4,4,3,63,1,1,2,116,100,1,1161,1162,1163,1164,1165,1166,"1,30",50,40 ,40,40,,
117,剑王,兽人剑圣的传说确实已是过去时了，自从在海咖尔山某个山洞拔起了一把名为“醉银剑”的符文重剑，他已参透“无我无贱”的黑暗的剑术奥义，开始为天灾效忠。出山之后，果然在西部大陆再无敌手，如今他正摩拳擦掌，打算将那些屠戮他族人的近卫杂种碎尸万段，夺回“剑王”的称号。,jianwang,jianwang,jianw,6.00 ,25,"1,1","14,100",0,3,2,,19,1,1,228,85,98,59,1638,17,7,7,5,117,1,1,3,117,100,1,1161,1162,1163,1164,1165,1166,"1,20",50,40 ,40,40,,
118,剑王,兽人剑圣的传说确实已是过去时了，自从在海咖尔山某个山洞拔起了一把名为“醉银剑”的符文重剑，他已参透“无我无贱”的黑暗的剑术奥义，开始为天灾效忠。出山之后，果然在西部大陆再无敌手，如今他正摩拳擦掌，打算将那些屠戮他族人的近卫杂种碎尸万段，夺回“剑王”的称号。,jianwang,jianwang,jianw,6.00 ,40,"1,1","14,100",0,4,2,,22,1,1,293,109,126,76,2111,21,8,9,6,150,1,1,4,118,100,1,1161,1162,1163,1164,1165,1166,"1,20",50,40 ,40,40,,
119,剑王,兽人剑圣的传说确实已是过去时了，自从在海咖尔山某个山洞拔起了一把名为“醉银剑”的符文重剑，他已参透“无我无贱”的黑暗的剑术奥义，开始为天灾效忠。出山之后，果然在西部大陆再无敌手，如今他正摩拳擦掌，打算将那些屠戮他族人的近卫杂种碎尸万段，夺回“剑王”的称号。,jianwang,jianwang,jianw,6.00 ,60,"1,1","14,100",0,5,2,,25,1,1,425,158,182,109,3056,31,12,13,9,217,1,1,5,119,100,1,1161,1162,1163,1164,1165,1166,"1,30",50,40 ,40,40,,
120,剑王,兽人剑圣的传说确实已是过去时了，自从在海咖尔山某个山洞拔起了一把名为“醉银剑”的符文重剑，他已参透“无我无贱”的黑暗的剑术奥义，开始为天灾效忠。出山之后，果然在西部大陆再无敌手，如今他正摩拳擦掌，打算将那些屠戮他族人的近卫杂种碎尸万段，夺回“剑王”的称号。,jianwang,jianwang,jianw,6.00 ,85,"1,1","14,100",0,6,2,,28,1,1,556,207,238,143,4001,40,15,18,11,284,1,1,6,120,100,1,1161,1162,1163,1164,1165,1166,"1,20",50,40 ,40,40,,
121,剑王,兽人剑圣的传说确实已是过去时了，自从在海咖尔山某个山洞拔起了一把名为“醉银剑”的符文重剑，他已参透“无我无贱”的黑暗的剑术奥义，开始为天灾效忠。出山之后，果然在西部大陆再无敌手，如今他正摩拳擦掌，打算将那些屠戮他族人的近卫杂种碎尸万段，夺回“剑王”的称号。,jianwang,jianwang,jianw,6.00 ,99,"1,1","14,100",0,7,2,,31,1,1,687,255,295,177,4946,49,19,21,13,350,1,1,7,121,100,1,1161,1162,1163,1164,1165,1166,"1,30",50,40 ,40,40,,
122,暗牧,为了活命被迫与天灾签订卖身契约之后，暗牧才感到终于能将与生俱来的暗影天赋发挥到极致。目前作为天灾生化队的首席科学家，他已成功研发出“暗影波疗法”、“闪腰术”等数项国家专利。仰仗着巫妖王授予的特权，他还将许多巨魔一族的子弟招入麾下，建立了自己的嫡系――黑暗巨魔势力。,Blademaster,Blademaster,anm,3.00 ,40,"1,1","14,100",2,4,2,,22,1,1,168,67,314,117,1659,12,5,23,9,118,1,1,4,122,100,1,1221,1222,1223,1224,1225,1226,"1,20",50,40 ,40,40,,
123,暗牧,为了活命被迫与天灾签订卖身契约之后，暗牧才感到终于能将与生俱来的暗影天赋发挥到极致。目前作为天灾生化队的首席科学家，他已成功研发出“暗影波疗法”、“闪腰术”等数项国家专利。仰仗着巫妖王授予的特权，他还将许多巨魔一族的子弟招入麾下，建立了自己的嫡系――黑暗巨魔势力。,Blademaster,Blademaster,anm,3.00 ,60,"1,1","14,100",2,5,2,,25,1,1,243,97,455,170,2401,18,8,33,13,170,1,1,5,123,100,1,1221,1222,1223,1224,1225,1226,"1,30",50,40 ,40,40,,
124,暗牧,为了活命被迫与天灾签订卖身契约之后，暗牧才感到终于能将与生俱来的暗影天赋发挥到极致。目前作为天灾生化队的首席科学家，他已成功研发出“暗影波疗法”、“闪腰术”等数项国家专利。仰仗着巫妖王授予的特权，他还将许多巨魔一族的子弟招入麾下，建立了自己的嫡系――黑暗巨魔势力。,Blademaster,Blademaster,anm,3.00 ,85,"1,1","14,100",2,6,2,,28,1,1,318,127,595,222,3144,23,10,43,17,223,1,1,6,124,100,1,1221,1222,1223,1224,1225,1226,"1,20",50,40 ,40,40,,
125,巫医,原本只是淳朴的打桩苦力，业余兼职卖点江湖小药。但是暗矛部族酋长的一纸禁令，导致大批街头小贩背井离乡，四处游荡。听说天灾生化大队诚招活体实验员，犹豫再三的巫医还是去应聘了――即使会坠入邪恶深渊，也无法阻挡他对巫毒艺术和插棒棒的爱！,Blademaster,Blademaster,wuyi,3.00 ,40,"1,1","14,100",2,4,2,,22,1,1,168,51,377,101,1809,12,4,27,8,129,1,1,4,125,100,1,1251,1252,1253,1254,1255,1256,"1,20",50,40 ,40,40,,
126,巫医,原本只是淳朴的打桩苦力，业余兼职卖点江湖小药。但是暗矛部族酋长的一纸禁令，导致大批街头小贩背井离乡，四处游荡。听说天灾生化大队诚招活体实验员，犹豫再三的巫医还是去应聘了。即使会坠入邪恶深渊，也无法阻挡巫医对巫毒艺术和插棒棒的爱！,Blademaster,Blademaster,wuyi,3.00 ,60,"1,1","14,100",2,5,2,,25,1,1,243,73,546,146,2619,18,6,39,11,186,1,1,5,126,100,1,1251,1252,1253,1254,1255,1256,"1,30",50,40 ,40,40,,
127,巫医,原本只是淳朴的打桩苦力，业余兼职卖点江湖小药。但是暗矛部族酋长的一纸禁令，导致大批街头小贩背井离乡，四处游荡。听说天灾生化大队诚招活体实验员，犹豫再三的巫医还是去应聘了。即使会坠入邪恶深渊，也无法阻挡巫医对巫毒艺术和插棒棒的爱！,Blademaster,Blademaster,wuyi,3.00 ,85,"1,1","14,100",2,6,2,,28,1,1,318,96,714,191,3429,23,7,52,14,243,1,1,6,127,100,1,1251,1252,1253,1254,1255,1256,"1,20",50,40 ,40,40,,
128,小鹿,同为半身圣兽，小鹿妹子曾经被人马、猛犸等各大土豪氏族高富帅热情的追求过，然而作为一个森林之女的神圣感让她只是专注于如何抵抗天灾。小道消息称，人马酋长是为了追求她才离开族人加入近卫阵营，小鹿妹子听到后十分感动，然后拒绝了他。,Blademaster,Blademaster,xiaol,3.00 ,40,"1,1","14,100",2,4,1,,22,1,1,168,67,314,117,1659,12,5,23,9,118,1,1,4,128,100,1,1281,1282,1283,1284,1285,1286,"1,30",50,40 ,40,40,,
129,小鹿,同为半身圣兽，小鹿妹子曾经被人马、猛犸等各大土豪氏族高富帅热情的追求过，然而作为一个森林之女的神圣感让她只是专注于如何抵抗天灾。小道消息称，人马酋长是为了追求她才离开族人加入近卫阵营，小鹿妹子听到后十分感动，然后拒绝了他。,Blademaster,Blademaster,xiaol,3.00 ,60,"1,1","14,100",2,5,1,,25,1,1,243,97,455,170,2401,18,8,33,13,170,1,1,5,129,100,1,1281,1282,1283,1284,1285,1286,"1,20",50,40 ,40,40,,
130,小鹿,同为半身圣兽，小鹿妹子曾经被人马、猛犸等各大土豪氏族高富帅热情的追求过，然而作为一个森林之女的神圣感让她只是专注于如何抵抗天灾。小道消息称，人马酋长是为了追求她才离开族人加入近卫阵营，小鹿妹子听到后十分感动，然后拒绝了他。,Blademaster,Blademaster,xiaol,3.00 ,85,"1,1","14,100",2,6,1,,28,1,1,318,127,595,222,3144,23,10,43,17,223,1,1,6,130,100,1,1281,1282,1283,1284,1285,1286,"1,30",50,40 ,40,40,,
131,术士,作为被深渊肉虫控制的老牌黑道社团“黑石部族”的头目，他加入天灾军团以回报巫妖王。依赖着恶魔保镖的强大，他尽情享受着折磨那些傲娇种族的快乐，同时也乐于分享自己在中医养生、足疗保健方面的心得。,shushi,Warlock,shus,3.00 ,40,"1,1","14,100",2,4,2,,22,1,1,168,51,377,101,1809,12,4,27,8,129,1,1,4,131,100,1,1311,1312,1313,1314,1315,1316,"1,20",50,40 ,40,40,,
132,术士,作为被深渊肉虫控制的老牌黑道社团“黑石部族”的头目，他加入天灾军团以回报巫妖王。依赖着恶魔保镖的强大，他尽情享受着折磨那些傲娇种族的快乐，同时也乐于分享自己在中医养生、足疗保健方面的心得。,shushi,Warlock,shus,3.00 ,60,"1,1","14,100",2,5,2,,25,1,1,243,73,546,146,2619,18,6,39,11,186,1,1,5,132,100,1,1311,1312,1313,1314,1315,1316,"1,20",50,40 ,40,40,,
133,术士,作为被深渊肉虫控制的老牌黑道社团“黑石部族”的头目，他加入天灾军团以回报巫妖王。依赖着恶魔保镖的强大，他尽情享受着折磨那些傲娇种族的快乐，同时也乐于分享自己在中医养生、足疗保健方面的心得。,shushi,Warlock,shus,3.00 ,85,"1,1","14,100",2,6,2,,28,1,1,318,96,714,191,3429,23,7,52,14,243,1,1,6,133,100,1,1311,1312,1313,1314,1315,1316,"1,30",50,40 ,40,40,,
134,死骑,曾是个血统高贵的圣骑士，燃烧军团入侵的时候因处于反叛期，患上严重中二病而堕入黑暗。虽然生前常用的重剑丢失了，但因祸得福，死后掌握了一些针对亡灵的复生法术。“如果爱，请深爱。若不爱，请走开。”冰冻荒原上落寞的背影匆匆掠过，即使是没心没肺的骷髅小弟，都深深感到了死骑同学痛到骨子里的淡淡哀伤。,Blademaster,Blademaster,siq,3.00 ,40,"1,1","14,100",2,4,2,,22,1,1,168,59,314,101,2111,12,5,23,8,150,1,1,4,134,100,1,1341,1342,1343,1344,1345,1346,"1,20",50,40 ,40,40,,
135,死骑,曾是个血统高贵的圣骑士，燃烧军团入侵的时候因处于反叛期，患上严重中二病而堕入黑暗。虽然生前常用的重剑丢失了，但因祸得福，死后掌握了一些针对亡灵的复生法术。“如果爱，请深爱。若不爱，请走开。”冰冻荒原上落寞的背影匆匆掠过，即使是没心没肺的骷髅小弟，都深深感到了死骑同学痛到骨子里的淡淡哀伤。,Blademaster,Blademaster,siq,3.00 ,60,"1,1","14,100",2,5,2,,25,1,1,243,85,455,146,3056,18,7,33,11,217,1,1,5,135,100,1,1341,1342,1343,1344,1345,1346,"1,30",50,40 ,40,40,,
136,死骑,曾是个血统高贵的圣骑士，燃烧军团入侵的时候因处于反叛期，患上严重中二病而堕入黑暗。虽然生前常用的重剑丢失了，但因祸得福，死后掌握了一些针对亡灵的复生法术。“如果爱，请深爱。若不爱，请走开。”冰冻荒原上落寞的背影匆匆掠过，即使是没心没肺的骷髅小弟，都深深感到了死骑同学痛到骨子里的淡淡哀伤。,Blademaster,Blademaster,siq,3.00 ,85,"1,1","14,100",2,6,2,,28,1,1,318,111,595,191,4001,23,9,43,14,284,1,1,6,136,100,1,1341,1342,1343,1344,1345,1346,"1,20",50,40 ,40,40,,
137,冰冰,经过长年训练，冰妹不但善于运用令人叹为观止的冰冻魔法，还开发出梳理他人魔力回路的冷冻治疗方法。如今她被称为世上最为强大的“美女”辅助法师，频频出现在各种男性杂志的封面上。,bingnv,Rylai,bingb,3.00 ,60,"1,1","14,100",2,5,1,,25,1,1,243,97,455,170,2401,18,8,33,13,170,1,1,5,137,100,1,1371,1372,1373,1374,1375,1376,"1,30",50,40 ,40,40,,
138,冰冰,经过长年训练，冰妹不但善于运用令人叹为观止的冰冻魔法，还开发出梳理他人魔力回路的冷冻治疗方法。如今她被称为世上最为强大的“美女”辅助法师，频频出现在各种男性杂志的封面上。,bingnv,Rylai,bingb,3.00 ,85,"1,1","14,100",2,6,1,,28,1,1,318,127,595,222,3144,23,10,43,17,223,1,1,6,138,100,1,1371,1372,1373,1374,1375,1376,"1,20",50,40 ,40,40,,
139,冰冰,经过长年训练，冰妹不但善于运用令人叹为观止的冰冻魔法，还开发出梳理他人魔力回路的冷冻治疗方法。如今她被称为世上最为强大的“美女”辅助法师，频频出现在各种男性杂志的封面上。,bingnv,Rylai,bingb,3.00 ,99,"1,1","14,100",2,7,1,,31,1,1,393,157,736,275,3886,28,12,53,20,275,1,1,7,139,100,1,1371,1372,1373,1374,1375,1376,"1,20",50,40 ,40,40,,
140,初夜男,资深生理学叫兽，常年在top2高校教授《敏感词、生育与健康》理论课程。但是甚为可悲的是，此生醉心学术研究至今仍是处男。因一次被某精灵族女神嘲笑，愤而加入天灾军团，发誓要向天下所有精灵妹子复仇。,Blademaster,Blademaster,cyn,3.00 ,40,"1,1","14,100",4,4,2,,22,1,1,209,101,168,59,2865,15,8,12,5,204,1,1,4,140,100,1,1401,1402,1403,1404,1405,1406,"1,30",50,40 ,40,40,,
141,初夜男,资深生理学叫兽，常年在top2高校教授《敏感词、生育与健康》理论课程。但是甚为可悲的是，此生醉心学术研究至今仍是处男。因一次被某精灵族女神嘲笑，愤而加入天灾军团，发誓要向天下所有精灵妹子复仇。,Blademaster,Blademaster,cyn,3.00 ,60,"1,1","14,100",4,5,2,,25,1,1,303,146,243,85,4147,22,11,18,7,294,1,1,5,141,100,1,1401,1402,1403,1404,1405,1406,"1,20",50,40 ,40,40,,
142,初夜男,资深生理学叫兽，常年在top2高校教授《敏感词、生育与健康》理论课程。但是甚为可悲的是，此生醉心学术研究至今仍是处男。因一次被某精灵族女神嘲笑，愤而加入天灾军团，发誓要向天下所有精灵妹子复仇。,Blademaster,Blademaster,cyn,3.00 ,85,"1,1","14,100",4,6,2,,28,1,1,397,191,318,111,5430,29,14,23,9,385,1,1,6,142,100,1,1401,1402,1403,1404,1405,1406,"1,30",50,40 ,40,40,,
143,流浪三板斧,作为骑士和暗夜精灵的后代，斯文哥一出生就被放逐，过着苦逼的练级生活。在无尽刷怪的旅程中，身为一名热血少年，脚踏着积极向上的主角光环，他决定要保护无辜的人免受邪恶侵犯。带着受祝福的大剑“正义”，以神之力量击倒对手，这样的设定最带感了。,Blademaster,Blademaster,llsbf,3.00 ,40,"1,1","14,100",4,4,1,,22,1,1,168,126,126,84,2563,12,9,9,6,182,1,1,4,143,100,1,1431,1432,1433,1434,1435,1436,"1,20",50,40 ,40,40,,
144,流浪三板斧,作为骑士和暗夜精灵的后代，斯文哥一出生就被放逐，过着苦逼的练级生活。在无尽刷怪的旅程中，身为一名热血少年，脚踏着积极向上的主角光环，他决定要保护无辜的人免受邪恶侵犯。带着受祝福的大剑“正义”，以神之力量击倒对手，这样的设定最带感了。,Blademaster,Blademaster,llsbf,3.00 ,60,"1,1","14,100",4,5,1,,25,1,1,243,182,182,121,3711,18,14,13,9,263,1,1,5,144,100,1,1431,1432,1433,1434,1435,1436,"1,30",50,40 ,40,40,,
145,流浪三板斧,作为骑士和暗夜精灵的后代，斯文哥一出生就被放逐，过着苦逼的练级生活。在无尽刷怪的旅程中，身为一名热血少年，脚踏着积极向上的主角光环，他决定要保护无辜的人免受邪恶侵犯。带着受祝福的大剑“正义”，以神之力量击倒对手，这样的设定最带感了。,Blademaster,Blademaster,llsbf,3.00 ,85,"1,1","14,100",4,6,1,,28,1,1,318,238,238,159,4858,23,18,18,12,345,1,1,6,145,100,1,1431,1432,1433,1434,1435,1436,"1,20",50,40 ,40,40,,
146,骷髅王,一个曾经的高贵圣骑士，轮回了千万次，只为路西法一次鬼魅的回眸。自从被末日使者路西法拖入能无限复活的大坑之后，骷髅王一直在痛苦中憎恨着他的主人。为了脱离这种永恒的禁锢，他的建立了坚定的战斗信条：不求杀人，但求一死！,Blademaster,Blademaster,klw,3.00 ,60,"1,1","14,100",4,5,2,,25,1,1,273,170,273,73,3929,20,13,20,6,279,1,1,5,146,100,1,1461,1462,1463,1464,1465,1466,"1,20",50,40 ,40,40,,
147,骷髅王,一个曾经的高贵圣骑士，轮回了千万次，只为路西法一次鬼魅的回眸。自从被末日使者路西法拖入能无限复活的大坑之后，骷髅王一直在痛苦中憎恨着他的主人。为了脱离这种永恒的禁锢，他的建立了坚定的战斗信条：不求杀人，但求一死！,Blademaster,Blademaster,klw,3.00 ,85,"1,1","14,100",4,6,2,,28,1,1,357,222,357,96,5144,26,17,26,7,365,1,1,6,147,100,1,1461,1462,1463,1464,1465,1466,"1,30",50,40 ,40,40,,
148,骷髅王,一个曾经的高贵圣骑士，轮回了千万次，只为路西法一次鬼魅的回眸。自从被末日使者路西法拖入能无限复活的大坑之后，骷髅王一直在痛苦中憎恨着他的主人。为了脱离这种永恒的禁锢，他的建立了坚定的战斗信条：不求杀人，但求一死！,Blademaster,Blademaster,klw,3.00 ,99,"1,1","14,100",4,7,2,,31,1,1,442,275,442,118,6359,32,20,32,9,450,1,1,7,148,100,1,1461,1462,1463,1464,1465,1466,"1,20",50,40 ,40,40,,
149,龙血武士,遥远的东方有一条巨龙，是红龙女王阿莱莎塔萨。还有一群人，叫龙骑士。因为是龙母的后裔，继承了高贵血统的龙骑们有高尚的节操，尤其热衷帮助白富美的公主。据说只要集齐7个公主，就能召唤强大的龙骑士为你效力。,Blademaster,Blademaster,lxws,3.00 ,60,"1,1","14,100",4,5,1,,25,1,1,243,194,243,97,3492,18,15,18,8,248,1,1,5,149,100,1,1491,1492,1493,1494,1495,1496,"1,30",50,40 ,40,40,,
150,龙血武士,遥远的东方有一条巨龙，是红龙女王阿莱莎塔萨。还有一群人，叫龙骑士。因为是龙母的后裔，继承了高贵血统的龙骑们有高尚的节操，尤其热衷帮助白富美的公主。据说只要集齐7个公主，就能召唤强大的龙骑士为你效力。,Blademaster,Blademaster,lxws,3.00 ,85,"1,1","14,100",4,6,1,,28,1,1,318,254,318,127,4572,23,19,23,10,324,1,1,6,150,100,1,1491,1492,1493,1494,1495,1496,"1,20",50,40 ,40,40,,
151,龙血武士,遥远的东方有一条巨龙，是红龙女王阿莱莎塔萨。还有一群人，叫龙骑士。因为是龙母的后裔，继承了高贵血统的龙骑们有高尚的节操，尤其热衷帮助白富美的公主。据说只要集齐7个公主，就能召唤强大的龙骑士为你效力。,Blademaster,Blademaster,lxws,3.00 ,99,"1,1","14,100",4,7,1,,31,1,1,393,314,393,157,5652,28,23,28,12,400,1,1,7,151,100,1,1491,1492,1493,1494,1495,1496,"1,30",50,40 ,40,40,,
152,深渊肉虫,魔王阿奇蒙德手下的深渊领主之一。燃烧军团第一次大败之后，落在狂怒的兽人手中被烤成了一只肉虫。但是因缘际会，他反而掌握了更精妙的火焰法术，挣脱了囚牢。从此肉虫君便热爱上了烧烤活人这项简单粗暴的黑暗料理艺术。,shenyuanrouchong,Lords,syrc,3.00 ,40,"1,1","14,100",4,4,2,,22,1,1,168,67,209,134,2412,12,5,15,10,172,1,1,7,152,100,1,1521,1522,1523,1524,1525,1526,"1,31",50,40 ,40,40,,
153,深渊肉虫,魔王阿奇蒙德手下的深渊领主之一。燃烧军团第一次大败之后，落在狂怒的兽人手中被烤成了一只肉虫。但是因缘际会，他反而掌握了更精妙的火焰法术，挣脱了囚牢。从此肉虫君便热爱上了烧烤活人这项简单粗暴的黑暗料理艺术。,shenyuanrouchong,Lords,syrc,3.00 ,60,"1,1","14,100",4,5,2,,25,1,1,243,97,303,194,3492,18,8,22,15,248,1,1,7,153,100,1,1521,1522,1523,1524,1525,1526,"1,32",50,40 ,40,40,,
154,深渊肉虫,魔王阿奇蒙德手下的深渊领主之一。燃烧军团第一次大败之后，落在狂怒的兽人手中被烤成了一只肉虫。但是因缘际会，他反而掌握了更精妙的火焰法术，挣脱了囚牢。从此肉虫君便热爱上了烧烤活人这项简单粗暴的黑暗料理艺术。,shenyuanrouchong,Lords,syrc,3.00 ,85,"1,1","14,100",4,6,2,,28,1,1,318,127,397,254,4572,23,10,29,19,324,1,1,7,154,100,1,1521,1522,1523,1524,1525,1526,"1,33",50,40 ,40,40,,
155,狂热之血,原本是巨魔部族淳朴刚正的神灵武士。但是在一次“保护伞”骑士团举办的无偿献血活动中不幸感染了致命的T病毒，四处求医未果，家财散尽。从此开始痛恨各种假借“爱与正义”名义的官方机构，凭借变异后获得的超强力量，对那些所谓正道的伪君子们进行复仇。,Blademaster,Blademaster,krzx,3.00 ,40,"1,1","14,100",5,4,2,,22,1,1,356,92,168,67,1809,26,7,12,5,129,1,1,4,155,100,1,1551,1552,1553,1554,1555,1556,"1,20",50,40 ,40,40,,
156,狂热之血,原本是巨魔部族淳朴刚正的神灵武士。但是在一次“保护伞”骑士团举办的无偿献血活动中不幸感染了致命的T病毒，四处求医未果，家财散尽。从此开始痛恨各种假借“爱与正义”名义的官方机构，凭借变异后获得的超强力量，对那些所谓正道的伪君子们进行复仇。,Blademaster,Blademaster,krzx,3.00 ,60,"1,1","14,100",5,5,2,,25,1,1,516,134,243,97,2619,37,10,18,8,186,1,1,5,156,100,1,1551,1552,1553,1554,1555,1556,"1,20",50,40 ,40,40,,
157,狂热之血,原本是巨魔部族淳朴刚正的神灵武士。但是在一次“保护伞”骑士团举办的无偿献血活动中不幸感染了致命的T病毒，四处求医未果，家财散尽。从此开始痛恨各种假借“爱与正义”名义的官方机构，凭借变异后获得的超强力量，对那些所谓正道的伪君子们进行复仇。,Blademaster,Blademaster,krzx,3.00 ,85,"1,1","14,100",5,6,2,,28,1,1,675,175,318,127,3429,49,13,23,10,243,1,1,6,157,100,1,1551,1552,1553,1554,1555,1556,"1,30",50,40 ,40,40,,
158,矮人炮哥,江湖还是那个江湖，尽管世人还在迷恋上次大战中，炮哥一级FB巫妖、四级单杀狗男女、十级超神的传说，但是炮哥只是淡然拂袖去，在南部深山中过着朴素的捕猎生活，深藏功与名。如今战火再次重燃，是时候让新生的邪恶势力尝尝苦头了！江湖已成一团浆糊，江湖，在期待新的传说！,Blademaster,Blademaster,arpg,3.00 ,40,"1,1","14,100",5,4,1,,22,1,1,398,84,209,59,1508,29,6,15,5,107,1,1,4,158,100,1,1581,1582,1583,1584,1585,1586,"1,20",50,40 ,40,40,,
159,矮人炮哥,江湖还是那个江湖，尽管世人还在迷恋上次大战中，炮哥一级FB巫妖、四级单杀狗男女、十级超神的传说，但是炮哥只是淡然拂袖去，在南部深山中过着朴素的捕猎生活，深藏功与名。如今战火再次重燃，是时候让新生的邪恶势力尝尝苦头了！江湖已成一团浆糊，江湖，在期待新的传说！,Blademaster,Blademaster,arpg,3.00 ,60,"1,1","14,100",5,5,1,,25,1,1,576,121,303,85,2183,41,9,22,7,155,1,1,5,159,100,1,1581,1582,1583,1584,1585,1586,"1,30",50,40 ,40,40,,
160,矮人炮哥,江湖还是那个江湖，尽管世人还在迷恋上次大战中，炮哥一级FB巫妖、四级单杀狗男女、十级超神的传说，但是炮哥只是淡然拂袖去，在南部深山中过着朴素的捕猎生活，深藏功与名。如今战火再次重燃，是时候让新生的邪恶势力尝尝苦头了！江湖已成一团浆糊，江湖，在期待新的传说！,Blademaster,Blademaster,arpg,3.00 ,85,"1,1","14,100",5,6,1,,28,1,1,754,159,397,111,2858,55,12,29,9,203,1,1,6,160,100,1,1581,1582,1583,1584,1585,1586,"1,20",50,40 ,40,40,,
161,薇艾斯,有一个美丽的小女孩，她的名字叫作小薇。自从“背叛者”一粒蛋逃离了守望者牢笼，只剩下薇艾斯小妹妹，背负典狱官一族的罪与罚。坚强的小薇并没有像姐姐幻刺那样醉心奇葩的制服设计艺术，而是苦练职业技能，最后终于练出了一手投掷魔法箭的绝活，在监狱职工扔沙包比赛中轻松获得总决赛mvp的殊荣。,weiaisi,weiaisi,zas,3.00 ,40,"1,1","14,100",5,4,1,,22,1,1,377,76,209,67,1659,27,6,15,5,118,1,1,4,161,100,1,1611,1612,1613,1614,1615,1616,"1,30",50,40 ,40,40,,
162,薇艾斯,有一个美丽的小女孩，她的名字叫作小薇。自从“背叛者”一粒蛋逃离了守望者牢笼，只剩下薇艾斯小妹妹，背负典狱官一族的罪与罚。坚强的小薇并没有像姐姐幻刺那样醉心奇葩的制服设计艺术，而是苦练职业技能，最后终于练出了一手投掷魔法箭的绝活，在监狱职工扔沙包比赛中轻松获得总决赛mvp的殊荣。,weiaisi,weiaisi,zas,3.00 ,60,"1,1","14,100",5,5,1,,25,1,1,546,109,303,97,2401,39,9,22,8,170,1,1,5,162,100,1,1611,1612,1613,1614,1615,1616,"1,20",50,40 ,40,40,,
163,薇艾斯,有一个美丽的小女孩，她的名字叫作小薇。自从“背叛者”一粒蛋逃离了守望者牢笼，只剩下薇艾斯小妹妹，背负典狱官一族的罪与罚。坚强的小薇并没有像姐姐幻刺那样醉心奇葩的制服设计艺术，而是苦练职业技能，最后终于练出了一手投掷魔法箭的绝活，在监狱职工扔沙包比赛中轻松获得总决赛mvp的殊荣。,weiaisi,weiaisi,zas,3.00 ,85,"1,1","14,100",5,6,1,,28,1,1,714,143,397,127,3144,52,11,29,10,223,1,1,6,163,100,1,1611,1612,1613,1614,1615,1616,"1,20",50,40 ,40,40,,
164,水人,这个水货本是潮汐猎人在泡澡时无聊放出来的一股热流，却造成了近年来无尽之海东侧的厄尔尼诺现象。为了抑制这种灾变，资深水法冰冰妹子对水货进行了点化，它便获得了永久的生命。从此作为冰冰妹子的跟班兼经纪人，常年陪同出席各种官方场合和慈善活动。,Blademaster,Blademaster,shuir,3.00 ,40,"1,1","14,100",5,4,1,,22,1,1,356,92,168,67,1809,26,7,12,5,129,1,1,4,164,100,1,1641,1642,1643,1644,1645,1646,"1,30",50,40 ,40,40,,
165,水人,这个水货本是潮汐猎人在泡澡时无聊放出来的一股热流，却造成了近年来无尽之海东侧的厄尔尼诺现象。为了抑制这种灾变，资深水法冰冰妹子对水货进行了点化，它便获得了永久的生命。从此作为冰冰妹子的跟班兼经纪人，常年陪同出席各种官方场合和慈善活动。,Blademaster,Blademaster,shuir,3.00 ,60,"1,1","14,100",5,5,1,,25,1,1,516,134,243,97,2619,37,10,18,8,186,1,1,5,165,100,1,1641,1642,1643,1644,1645,1646,"1,20",50,40 ,40,40,,
166,水人,这个水货本是潮汐猎人在泡澡时无聊放出来的一股热流，却造成了近年来无尽之海东侧的厄尔尼诺现象。为了抑制这种灾变，资深水法冰冰妹子对水货进行了点化，它便获得了永久的生命。从此作为冰冰妹子的跟班兼经纪人，常年陪同出席各种官方场合和慈善活动。,Blademaster,Blademaster,shuir,3.00 ,85,"1,1","14,100",5,6,1,,28,1,1,675,175,318,127,3429,49,13,23,10,243,1,1,6,166,100,1,1641,1642,1643,1644,1645,1646,"1,30",50,40 ,40,40,,
167,豹女,豹女曾在森林动物园的一线工作，自从天灾入侵后她发挥自身特长，毫无利己的动机，把抵抗亡灵的事业当做自己的事业。无数战斗的洗礼，把制服豹女和她的黑豹撮合成一对亲密无间的战斗/生活伴侣。,Blademaster,Blademaster,baon,3.00 ,40,"1,1","14,100",5,4,1,,22,1,1,335,92,168,76,1809,24,7,12,6,129,1,1,4,167,100,1,1671,1672,1673,1674,1675,1676,"1,20",50,40 ,40,40,,
168,豹女,豹女曾在森林动物园的一线工作，自从天灾入侵后她发挥自身特长，毫无利己的动机，把抵抗亡灵的事业当做自己的事业。无数战斗的洗礼，把制服豹女和她的黑豹撮合成一对亲密无间的战斗/生活伴侣。,Blademaster,Blademaster,baon,3.00 ,60,"1,1","14,100",5,5,1,,25,1,1,485,134,243,109,2619,35,10,18,9,186,1,1,5,168,100,1,1671,1672,1673,1674,1675,1676,"1,30",50,40 ,40,40,,
169,豹女,豹女曾在森林动物园的一线工作，自从天灾入侵后她发挥自身特长，毫无利己的动机，把抵抗亡灵的事业当做自己的事业。无数战斗的洗礼，把制服豹女和她的黑豹撮合成一对亲密无间的战斗/生活伴侣。,Blademaster,Blademaster,baon,3.00 ,85,"1,1","14,100",5,6,1,,28,1,1,635,175,318,143,3429,46,13,23,11,243,1,1,6,169,100,1,1671,1672,1673,1674,1675,1676,"1,20",50,40 ,40,40,,
170,电棍,"宙斯下凡的时候随手雷中了一棵墓园古树，古树轰然倒下,但怨灵不散和电能融为一体。拥有了自我意识的电棍，将用行动证明，它不但是流氓和执法人员手中的利器，更是狙杀以宙斯为首的近卫法师的王牌。",Blademaster,Blademaster,diang,3.00 ,40,"1,1","14,100",5,4,2,,22,1,1,335,92,168,76,1809,24,7,12,6,129,1,1,4,170,100,1,1701,1702,1703,1704,1705,1706,"1,20",50,40 ,40,40,,
171,电棍,"宙斯下凡的时候随手雷中了一棵墓园古树，古树轰然倒下,但怨灵不散和电能融为一体。拥有了自我意识的电棍，将用行动证明，它不但是流氓和执法人员手中的利器，更是狙杀以宙斯为首的近卫法师的王牌。",Blademaster,Blademaster,diang,3.00 ,60,"1,1","14,100",5,5,2,,25,1,1,485,134,243,109,2619,35,10,18,9,186,1,1,5,171,100,1,1701,1702,1703,1704,1705,1706,"1,30",50,40 ,40,40,,
172,电棍,"宙斯下凡的时候随手雷中了一棵墓园古树，古树轰然倒下,但怨灵不散和电能融为一体。拥有了自我意识的电棍，将用行动证明，它不但是流氓和执法人员手中的利器，更是狙杀以宙斯为首的近卫法师的王牌。",Blademaster,Blademaster,diang,3.00 ,85,"1,1","14,100",5,6,2,,28,1,1,635,175,318,143,3429,46,13,23,11,243,1,1,6,172,100,1,1701,1702,1703,1704,1705,1706,"1,20",50,40 ,40,40,,
173,巨魔沾酱,巨魔功夫好，巨魔功夫帅，巨魔沾酱沉迷于祖传的战斗不能自拔。加入近卫仅是为了向精灵，人类以及其他一切种族证明，巨魔一族不是打酱油的，巨魔一族才是世界上最强的战士。,Blademaster,Blademaster,jmzj,3.00 ,40,"1,1","14,100",5,4,1,,22,1,1,398,84,209,59,1508,29,6,15,5,107,1,1,4,173,100,1,1731,1732,1733,1734,1735,1736,"1,30",50,40 ,40,40,,
174,巨魔沾酱,巨魔功夫好，巨魔功夫帅，巨魔沾酱沉迷于祖传的战斗不能自拔。加入近卫仅是为了向精灵，人类以及其他一切种族证明，巨魔一族不是打酱油的，巨魔一族才是世界上最强的战士。,Blademaster,Blademaster,jmzj,3.00 ,60,"1,1","14,100",5,5,1,,25,1,1,576,121,303,85,2183,41,9,22,7,155,1,1,5,174,100,1,1731,1732,1733,1734,1735,1736,"1,20",50,40 ,40,40,,
175,巨魔沾酱,巨魔功夫好，巨魔功夫帅，巨魔沾酱沉迷于祖传的战斗不能自拔。加入近卫仅是为了向精灵，人类以及其他一切种族证明，巨魔一族不是打酱油的，巨魔一族才是世界上最强的战士。,Blademaster,Blademaster,jmzj,3.00 ,85,"1,1","14,100",5,6,1,,28,1,1,754,159,397,111,2858,55,12,29,9,203,1,1,6,175,100,1,1731,1732,1733,1734,1735,1736,"1,30",50,40 ,40,40,,
176,骨弓,作为生前闻名人类王国的“快枪手”，骨弓在死后依然没有遗忘这项技术。在敌人面前，他可以如疾风般切入战场，迅速射出他的全部子弹后，再利索地退出。整个过程一气呵成，转瞬之间，只看见中箭者在地上奄奄一息。,Blademaster,Blademaster,gug,3.00 ,40,"1,1","14,100",5,4,2,,22,1,1,398,84,209,59,1508,29,6,15,5,107,1,1,4,176,100,1,1761,1762,1763,1764,1765,1766,"1,20",50,40 ,40,40,,
177,骨弓,作为生前闻名人类王国的“快枪手”，骨弓在死后依然没有遗忘这项技术。在敌人面前，他可以如疾风般切入战场，迅速射出他的全部子弹后，再利索地退出。整个过程一气呵成，转瞬之间，只看见中箭者在地上奄奄一息。,Blademaster,Blademaster,gug,3.00 ,60,"1,1","14,100",5,5,2,,25,1,1,576,121,303,85,2183,41,9,22,7,155,1,1,5,177,100,1,1761,1762,1763,1764,1765,1766,"1,20",50,40 ,40,40,,
178,骨弓,作为生前闻名人类王国的“快枪手”，骨弓在死后依然没有遗忘这项技术。在敌人面前，他可以如疾风般切入战场，迅速射出他的全部子弹后，再利索地退出。整个过程一气呵成，转瞬之间，只看见中箭者在地上奄奄一息。,Blademaster,Blademaster,gug,3.00 ,85,"1,1","14,100",5,6,2,,28,1,1,754,159,397,111,2858,55,12,29,9,203,1,1,6,178,100,1,1761,1762,1763,1764,1765,1766,"1,30",50,40 ,40,40,,
179,魔影,他虽然是来自燃烧军团的魔鬼，但是却讨厌和同类的魔鬼一样丑陋，为了不出来吓人，便重新伪装了自己。“我不是炎魔大螺丝，也不是什么奈门摩尔，我是魔影，我和他们不一样，只和你一样。”,Blademaster,Blademaster,moy,3.00 ,60,"1,1","14,100",5,5,2,,25,1,1,576,121,303,85,2183,41,9,22,7,155,1,1,5,179,100,1,1791,1792,1793,1794,1795,1796,"1,20",50,40 ,40,40,,
180,魔影,他虽然是来自燃烧军团的魔鬼，但是却讨厌和同类的魔鬼一样丑陋，为了不出来吓人，便重新伪装了自己。“我不是炎魔大螺丝，也不是什么奈门摩尔，我是魔影，我和他们不一样，只和你一样。”,Blademaster,Blademaster,moy,3.00 ,85,"1,1","14,100",5,6,2,,28,1,1,754,159,397,111,2858,55,12,29,9,203,1,1,6,180,100,1,1791,1792,1793,1794,1795,1796,"1,30",50,40 ,40,40,,
181,魔影,他虽然是来自燃烧军团的魔鬼，但是却讨厌和同类的魔鬼一样丑陋，为了不出来吓人，便重新伪装了自己。“我不是炎魔大螺丝，也不是什么奈门摩尔，我是魔影，我和他们不一样，只和你一样。”,Blademaster,Blademaster,moy,3.00 ,99,"1,1","14,100",5,7,2,,31,1,1,932,196,491,138,3533,67,14,35,10,250,1,1,7,181,100,1,1791,1792,1793,1794,1795,1796,"1,20",50,40 ,40,40,,
182,小黑,曾经的高等精灵游侠将军之一，被著名的“哀嚎之剑”刺穿之后，获得了不朽的亡灵体质。面对族人的抛弃，她迅速投入了混乱阵营。在她眼里除了谋害者以及背叛者们的性命，其它一切已经不再重要。,Blademaster,Blademaster,xiaoh,3.00 ,60,"1,1","14,100",5,5,2,,25,1,1,485,109,243,134,2619,35,9,18,10,186,1,1,5,182,100,1,1821,1822,1823,1824,1825,1826,"1,30",50,40 ,40,40,,
183,小黑,曾经的高等精灵游侠将军之一，被著名的“哀嚎之剑”刺穿之后，获得了不朽的亡灵体质。面对族人的抛弃，她迅速投入了混乱阵营。在她眼里除了谋害者以及背叛者们的性命，其它一切已经不再重要。,Blademaster,Blademaster,xiaoh,3.00 ,85,"1,1","14,100",5,6,2,,28,1,1,635,143,318,175,3429,46,11,23,13,243,1,1,6,183,100,1,1821,1822,1823,1824,1825,1826,"1,20",50,40 ,40,40,,
184,小黑,曾经的高等精灵游侠将军之一，被著名的“哀嚎之剑”刺穿之后，获得了不朽的亡灵体质。面对族人的抛弃，她迅速投入了混乱阵营。在她眼里除了谋害者以及背叛者们的性命，其它一切已经不再重要。,Blademaster,Blademaster,xiaoh,3.00 ,99,"1,1","14,100",5,7,2,,31,1,1,785,177,393,216,4239,56,13,28,16,300,1,1,7,184,100,1,1821,1822,1823,1824,1825,1826,"1,20",50,40 ,40,40,,
185,拉灯,全国技术领先的爆破艺术组合，已经改名拉灯，还是熟悉的雷鸣，还是闪亮的火光。“牺牲小我，成全大我”在拉灯组合身上得到了最好的诠释。对他们来说，爆破，是奉献，是艺术，更是信仰！友情提示：拆弹一时爽，全家火葬场。,Blademaster,Blademaster,lad,3.00 ,40,"1,1","14,100",1,4,1,,22,1,1,168,59,356,134,1206,12,5,26,10,86,1,1,4,185,100,1,1851,1852,1853,1854,1855,1856,"1,30",50,40 ,40,40,,
186,拉灯,全国技术领先的爆破艺术组合，已经改名拉灯，还是熟悉的雷鸣，还是闪亮的火光。“牺牲小我，成全大我”在拉灯组合身上得到了最好的诠释。对他们来说，爆破，是奉献，是艺术，更是信仰！友情提示：拆弹一时爽，全家火葬场。,Blademaster,Blademaster,lad,3.00 ,60,"1,1","14,100",1,5,1,,25,1,1,243,85,516,194,1746,18,7,37,15,124,1,1,5,186,100,1,1851,1852,1853,1854,1855,1856,"1,20",50,40 ,40,40,,
187,拉灯,全国技术领先的爆破艺术组合，已经改名拉灯，还是熟悉的雷鸣，还是闪亮的火光。“牺牲小我，成全大我”在拉灯组合身上得到了最好的诠释。对他们来说，爆破，是奉献，是艺术，更是信仰！友情提示：拆弹一时爽，全家火葬场。,Blademaster,Blademaster,lad,3.00 ,85,"1,1","14,100",1,6,1,,28,1,1,318,111,675,254,2286,23,9,49,19,162,1,1,6,187,100,1,1851,1852,1853,1854,1855,1856,"1,30",50,40 ,40,40,,
188,双头胖子,因为有两个头的缘故，双头胖子拥有其它食人魔双倍以上的智慧，甚至接近了正常人类十岁时的智力水准，这在食人魔种族中是一件不可思议的事情。于是他们派出双头胖子到人类的魔法速成班进修，十年以后，他以优秀成绩毕业了，几乎完整地掌握一种火焰法术。虽然这种“火焰爆轰”还有一定的不稳定性，但当它暴击时，你已经可以放弃抵抗，准备回月泉读秒了。,Blademaster,Blademaster,stpz,3.00 ,40,"1,1","14,100",1,4,1,,22,1,1,126,59,398,117,1508,9,5,29,9,107,1,1,4,188,100,1,1881,1882,1883,1884,1885,1886,"1,20",50,40 ,40,40,,
189,双头胖子,因为有两个头的缘故，双头胖子拥有其它食人魔双倍以上的智慧，甚至接近了正常人类十岁时的智力水准，这在食人魔种族中是一件不可思议的事情。于是他们派出双头胖子到人类的魔法速成班进修，十年以后，他以优秀成绩毕业了，几乎完整地掌握一种火焰法术。虽然这种“火焰爆轰”还有一定的不稳定性，但当它暴击时，你已经可以放弃抵抗，准备回月泉读秒了。,Blademaster,Blademaster,stpz,3.00 ,60,"1,1","14,100",1,5,1,,25,1,1,182,85,576,170,2183,13,7,41,13,155,1,1,5,189,100,1,1881,1882,1883,1884,1885,1886,"1,30",50,40 ,40,40,,
190,双头胖子,因为有两个头的缘故，双头胖子拥有其它食人魔双倍以上的智慧，甚至接近了正常人类十岁时的智力水准，这在食人魔种族中是一件不可思议的事情。于是他们派出双头胖子到人类的魔法速成班进修，十年以后，他以优秀成绩毕业了，几乎完整地掌握一种火焰法术。虽然这种“火焰爆轰”还有一定的不稳定性，但当它暴击时，你已经可以放弃抵抗，准备回月泉读秒了。,Blademaster,Blademaster,stpz,3.00 ,85,"1,1","14,100",1,6,1,,28,1,1,238,111,754,222,2858,18,9,55,17,203,1,1,6,190,100,1,1881,1882,1883,1884,1885,1886,"1,20",50,40 ,40,40,,
191,众神之王,为了防止凡间破坏，为了维护两个阵营的和平，众神之王坠入凡间。然而在他结识了近卫阵营的秀逗、冰冰、小鹿等美女英雄之后，他突然决定加入近卫，保护她们免受天灾潘康那址浮７踩诵翁导致他的实力打折，但是瘦死的骆驼比马大，任何胆敢打扰宙斯老爷体验生活的忤逆行为都必将遭到雷劈！,Blademaster,Blademaster,zszw,3.00 ,40,"1,1","14,100",1,4,1,,22,1,1,126,51,398,126,1508,9,4,29,9,107,1,1,4,191,100,1,1911,1912,1913,1914,1915,1916,"1,20",50,40 ,40,40,,
192,众神之王,为了防止凡间破坏，为了维护两个阵营的和平，众神之王坠入凡间。然而在他结识了近卫阵营的秀逗、冰冰、小鹿等美女英雄之后，他突然决定加入近卫，保护她们免受天灾潘康那址浮７踩诵翁导致他的实力打折，但是瘦死的骆驼比马大，任何胆敢打扰宙斯老爷体验生活的忤逆行为都必将遭到雷劈！,Blademaster,Blademaster,zszw,3.00 ,60,"1,1","14,100",1,5,1,,25,1,1,182,73,576,182,2183,13,6,41,14,155,1,1,5,192,100,1,1911,1912,1913,1914,1915,1916,"1,30",50,40 ,40,40,,
193,众神之王,为了防止凡间破坏，为了维护两个阵营的和平，众神之王坠入凡间。然而在他结识了近卫阵营的秀逗、冰冰、小鹿等美女英雄之后，他突然决定加入近卫，保护她们免受天灾潘康那址浮７踩诵翁导致他的实力打折，但是瘦死的骆驼比马大，任何胆敢打扰宙斯老爷体验生活的忤逆行为都必将遭到雷劈！,Blademaster,Blademaster,zszw,3.00 ,85,"1,1","14,100",1,6,1,,28,1,1,238,96,754,238,2858,18,7,55,18,203,1,1,6,193,100,1,1911,1912,1913,1914,1915,1916,"1,20",50,40 ,40,40,,
194,秀逗波波娃,给力的火焰法师，行为经常秀逗，其实还是非常能干的。她以打击盗贼（其实是为了他们的财宝）和屠龙（一不小心毁灭了边上的城市）而著称。加入近卫后，她承诺帮助近卫军团摧毁天灾大军，当然最主要是为了之后巨额的报酬――强力的武器和非常多的钱。,Blademaster,Blademaster,xdbbw,3.00 ,40,"1,1","14,100",1,4,1,,22,1,1,126,51,418,117,1508,9,4,30,9,107,1,1,4,194,100,1,1941,1942,1943,1944,1945,1946,"1,30",50,40 ,40,40,,
195,秀逗波波娃,给力的火焰法师，行为经常秀逗，其实还是非常能干的。她以打击盗贼（其实是为了他们的财宝）和屠龙（一不小心毁灭了边上的城市）而著称。加入近卫后，她承诺帮助近卫军团摧毁天灾大军，当然最主要是为了之后巨额的报酬――强力的武器和非常多的钱。,Blademaster,Blademaster,xdbbw,3.00 ,60,"1,1","14,100",1,5,1,,25,1,1,182,73,606,170,2183,13,6,43,13,155,1,1,5,195,100,1,1941,1942,1943,1944,1945,1946,"1,20",50,40 ,40,40,,
196,秀逗波波娃,给力的火焰法师，行为经常秀逗，其实还是非常能干的。她以打击盗贼（其实是为了他们的财宝）和屠龙（一不小心毁灭了边上的城市）而著称。加入近卫后，她承诺帮助近卫军团摧毁天灾大军，当然最主要是为了之后巨额的报酬――强力的武器和非常多的钱。,Blademaster,Blademaster,xdbbw,3.00 ,85,"1,1","14,100",1,6,1,,28,1,1,238,96,793,222,2858,18,7,57,17,203,1,1,6,196,100,1,1941,1942,1943,1944,1945,1946,"1,30",50,40 ,40,40,,
197,修补匠,在修补匠身上，可以深刻领会到“科学家会武术”的强大威力。自从给自己装上了折叠晾衣杆、手电筒、以及二踢脚等“要你命3000套装”之后，他已经变成了一个危险的军用炮台。可以想象，一旦他克服见利忘义、容易被收买的小毛病，他将会成为战场上威力最强大的不稳定因素。,Blademaster,Blademaster,xbj,3.00 ,40,"1,1","14,100",1,4,1,,22,1,1,126,59,398,117,1508,9,5,29,9,107,1,1,4,197,100,1,1971,1972,1973,1974,1975,1976,"1,20",50,40 ,40,40,,
198,修补匠,在修补匠身上，可以深刻领会到“科学家会武术”的强大威力。自从给自己装上了折叠晾衣杆、手电筒、以及二踢脚等“要你命3001套装”之后，他已经变成了一个危险的军用炮台。可以想象，一旦他克服见利忘义、容易被收买的小毛病，他将会成为战场上威力最强大的不稳定因素。,Blademaster,Blademaster,xbj,3.00 ,60,"1,1","14,100",1,5,1,,25,1,1,182,85,576,170,2183,13,7,41,13,155,1,1,5,198,100,1,1971,1972,1973,1974,1975,1976,"1,20",50,40 ,40,40,,
199,修补匠,在修补匠身上，可以深刻领会到“科学家会武术”的强大威力。自从给自己装上了折叠晾衣杆、手电筒、以及二踢脚等“要你命3002套装”之后，他已经变成了一个危险的军用炮台。可以想象，一旦他克服见利忘义、容易被收买的小毛病，他将会成为战场上威力最强大的不稳定因素。,Blademaster,Blademaster,xbj,3.00 ,85,"1,1","14,100",1,6,1,,28,1,1,238,111,754,222,2858,18,9,55,17,203,1,1,6,199,100,1,1971,1972,1973,1974,1975,1976,"1,30",50,40 ,40,40,,
200,恶魔巫师,在近卫众多人类和精灵法师的对面，一个非主流兽人巫师出现了。哼唱着难懂的重金属系咒语，恶魔巫师可以迅速发动针对敌方下体的穿刺术。凭借魔王阿奇蒙德赐予的力量，如果你天真地想逃走，他会用最炫的兽人法术，用心把你留下来。,Blademaster,Blademaster,emws,3.00 ,40,"1,1","14,100",1,4,2,,22,1,1,126,51,398,126,1508,9,4,29,9,107,1,1,4,200,100,1,2001,2002,2003,2004,2005,2006,"1,20",50,40 ,40,40,,
201,恶魔巫师,在近卫众多人类和精灵法师的对面，一个非主流兽人巫师出现了。哼唱着难懂的重金属系咒语，恶魔巫师可以迅速发动针对敌方下体的穿刺术。凭借魔王阿奇蒙德赐予的力量，如果你天真地想逃走，他会用最炫的兽人法术，用心把你留下来。,Blademaster,Blademaster,emws,3.00 ,60,"1,1","14,100",1,5,2,,25,1,1,182,73,576,182,2183,13,6,41,14,155,1,1,5,201,100,1,2001,2002,2003,2004,2005,2006,"1,30",50,40 ,40,40,,
202,恶魔巫师,在近卫众多人类和精灵法师的对面，一个非主流兽人巫师出现了。哼唱着难懂的重金属系咒语，恶魔巫师可以迅速发动针对敌方下体的穿刺术。凭借魔王阿奇蒙德赐予的力量，如果你天真地想逃走，他会用最炫的兽人法术，用心把你留下来。,Blademaster,Blademaster,emws,3.00 ,85,"1,1","14,100",1,6,2,,28,1,1,238,96,754,238,2858,18,7,55,18,203,1,1,6,202,100,1,2001,2002,2003,2004,2005,2006,"1,20",50,40 ,40,40,,
203,巫妖,手持卡嘉烟斗，点上一袋土烟，是巫妖生前的最惬意时刻。然而过量吸烟险些要了他的命，于是他索性开始向一名死骑学习黑暗法术，试图自己的肺部冻结起来。不幸的是，他没能掌控这种极寒能量，冰魄将他的血肉全部摧毁。不过终于，他可以毫无限制的吞云吐雾了。,Blademaster,Blademaster,wuy,3.00 ,40,"1,1","14,100",1,4,2,,22,1,1,168,59,356,134,1206,12,5,26,10,86,1,1,4,203,100,1,2031,2032,2033,2034,2035,2036,"1,30",50,40 ,40,40,,
204,巫妖,手持卡嘉烟斗，点上一袋土烟，是巫妖生前的最惬意时刻。然而过量吸烟险些要了他的命，于是他索性开始向一名死骑学习黑暗法术，试图自己的肺部冻结起来。不幸的是，他没能掌控这种极寒能量，冰魄将他的血肉全部摧毁。不过终于，他可以毫无限制的吞云吐雾了。,Blademaster,Blademaster,wuy,3.00 ,60,"1,1","14,100",1,5,2,,25,1,1,243,85,516,194,1746,18,7,37,15,124,1,1,5,204,100,1,2031,2032,2033,2034,2035,2036,"1,20",50,40 ,40,40,,
205,巫妖,手持卡嘉烟斗，点上一袋土烟，是巫妖生前的最惬意时刻。然而过量吸烟险些要了他的命，于是他索性开始向一名死骑学习黑暗法术，试图自己的肺部冻结起来。不幸的是，他没能掌控这种极寒能量，冰魄将他的血肉全部摧毁。不过终于，他可以毫无限制的吞云吐雾了。,Blademaster,Blademaster,wuy,3.00 ,85,"1,1","14,100",1,6,2,,28,1,1,318,111,675,254,2286,23,9,49,19,162,1,1,6,205,100,1,2031,2032,2033,2034,2035,2036,"1,20",50,40 ,40,40,,
206,放血者,作为恶魔和兽人的杂交品种，放血者被所有凡间的活物所排斥。他常年用被害者的血来沐浴，以此来治疗他的伤口，并因此在遗传学领域取得了极深的造诣。每当太阳下山，夜魔・初夜掠夺者就会和他一起认真地探讨各种学术问题。,fangxuezhe,BloodDevil,fxz,3.00 ,40,"1,1","14,100",3,4,2,,22,1,1,377,76,209,59,1809,27,6,15,5,129,1,1,4,206,100,1,2061,2062,2063,2064,2065,2066,"1,30",50,40 ,40,40,,
207,放血者,作为恶魔和兽人的杂交品种，放血者被所有凡间的活物所排斥。他常年用被害者的血来沐浴，以此来治疗他的伤口，并因此在遗传学领域取得了极深的造诣。每当太阳下山，夜魔・初夜掠夺者就会和他一起认真地探讨各种学术问题。,fangxuezhe,BloodDevil,fxz,3.00 ,60,"1,1","14,100",3,5,2,,25,1,1,546,109,303,85,2619,39,9,22,7,186,1,1,5,207,100,1,2061,2062,2063,2064,2065,2066,"1,20",50,40 ,40,40,,
208,放血者,作为恶魔和兽人的杂交品种，放血者被所有凡间的活物所排斥。他常年用被害者的血来沐浴，以此来治疗他的伤口，并因此在遗传学领域取得了极深的造诣。每当太阳下山，夜魔・初夜掠夺者就会和他一起认真地探讨各种学术问题。,fangxuezhe,BloodDevil,fxz,3.00 ,85,"1,1","14,100",3,6,2,,28,1,1,714,143,397,111,3429,52,11,29,9,243,1,1,6,208,100,1,2061,2062,2063,2064,2065,2066,"1,30",50,40 ,40,40,,
209,拍拍,脑袋大，脖子粗，中气十足的肥熊一只。然而一旦刺刀见红，就会迅速暴走，发挥出和体型完全不相匹配的极限速度来，是刀塔世界仅次于骨弓的又一名快枪手。,Blademaster,Blademaster,paip,3.00 ,40,"1,1","14,100",3,4,1,,22,1,1,398,76,168,59,1960,29,6,12,5,140,1,1,4,209,100,1,2091,2092,2093,2094,2095,2096,"1,20",50,40 ,40,40,,
210,拍拍,脑袋大，脖子粗，中气十足的肥熊一只。然而一旦刺刀见红，就会迅速暴走，发挥出和体型完全不相匹配的极限速度来，是刀塔世界仅次于骨弓的又一名快枪手。,Blademaster,Blademaster,paip,3.00 ,60,"1,1","14,100",3,5,1,,25,1,1,576,109,243,85,2838,41,9,18,7,201,1,1,5,210,100,1,2091,2092,2093,2094,2095,2096,"1,30",50,40 ,40,40,,
211,拍拍,脑袋大，脖子粗，中气十足的肥熊一只。然而一旦刺刀见红，就会迅速暴走，发挥出和体型完全不相匹配的极限速度来，是刀塔世界仅次于骨弓的又一名快枪手。,Blademaster,Blademaster,paip,3.00 ,85,"1,1","14,100",3,6,1,,28,1,1,754,143,318,111,3715,55,11,23,9,264,1,1,6,211,100,1,2091,2092,2093,2094,2095,2096,"1,20",50,40 ,40,40,,
212,幽鬼,前任典狱官一族的族长，因为屡次对囚犯做出违背世俗伦理的禁忌之事，在死后化作幽鬼。特长是折射，如果你打她越疼，也许反而是你伤的更重。更擅长以多对一的鬼影重重之术，所以面对这样的女鬼，还是不要硬上了。,yougui,yougui,youg,3.00 ,40,"1,1","14,100",3,4,2,,22,1,1,398,67,168,76,1809,29,5,12,6,129,1,1,4,212,100,1,2121,2122,2123,2124,2125,2126,"1,20",50,40 ,40,40,,
213,幽鬼,前任典狱官一族的族长，因为屡次对囚犯做出违背世俗伦理的禁忌之事，在死后化作幽鬼。特长是折射，如果你打她越疼，也许反而是你伤的更重。更擅长以多对一的鬼影重重之术，所以面对这样的女鬼，还是不要硬上了。,yougui,yougui,youg,3.00 ,60,"1,1","14,100",3,5,2,,25,1,1,576,97,243,109,2619,41,8,18,9,186,1,1,5,213,100,1,2121,2122,2123,2124,2125,2126,"1,30",50,40 ,40,40,,
214,幽鬼,前任典狱官一族的族长，因为屡次对囚犯做出违背世俗伦理的禁忌之事，在死后化作幽鬼。特长是折射，如果你打她越疼，也许反而是你伤的更重。更擅长以多对一的鬼影重重之术，所以面对这样的女鬼，还是不要硬上了。,yougui,yougui,youg,3.00 ,85,"1,1","14,100",3,6,2,,28,1,1,754,127,318,143,3429,55,10,23,11,243,1,1,6,214,100,1,2121,2122,2123,2124,2125,2126,"1,20",50,40 ,40,40,,
215,斧圣,关于兽人剑圣的传说已经过时啦，在狂战斧圣面前神马五杀、超神都是浮云。拯救世界？so easy！“你只看到我的螃蟹步，却没看到我的无敌斩。你有你的飘逸，我有我的霸道。我是斧圣，我为自己代言。”,Blademaster,Blademaster,fus,3.00 ,40,"1,1","14,100",3,4,1,,22,1,1,418,84,147,59,1809,30,6,11,5,129,1,1,4,215,100,1,2151,2152,2153,2154,2155,2156,"1,30",50,40 ,40,40,,
216,斧圣,关于兽人剑圣的传说已经过时啦，在狂战斧圣面前神马五杀、超神都是浮云。拯救世界？so easy！“你只看到我的螃蟹步，却没看到我的无敌斩。你有你的飘逸，我有我的霸道。我是斧圣，我为自己代言。”,Blademaster,Blademaster,fus,3.00 ,60,"1,1","14,100",3,5,1,,25,1,1,606,121,213,85,2619,43,9,16,7,186,1,1,5,216,100,1,2151,2152,2153,2154,2155,2156,"1,20",50,40 ,40,40,,
217,斧圣,关于兽人剑圣的传说已经过时啦，在狂战斧圣面前神马五杀、超神都是浮云。拯救世界？so easy！“你只看到我的螃蟹步，却没看到我的无敌斩。你有你的飘逸，我有我的霸道。我是斧圣，我为自己代言。”,Blademaster,Blademaster,fus,3.00 ,85,"1,1","14,100",3,6,1,,28,1,1,793,159,278,111,3429,57,12,20,9,243,1,1,6,217,100,1,2151,2152,2153,2154,2155,2156,"1,30",50,40 ,40,40,,
218,幻刺,典狱官一族的长女，精通各种私刑手段，也是怪异的制服爱好者。曾为冰冰等著名演艺圈人士设计服装，旗下拥有“强袭装甲”等顶级服装品牌。但是据说脾气很怪，如果不欣赏她的作品，马上就会暴走。惹怒她的话，最好乞求被一刀暴死，求个解脱吧。,Blademaster,Blademaster,huanc,3.00 ,40,"1,1","14,100",3,4,2,,22,1,1,418,84,147,59,1809,30,6,11,5,129,1,1,4,218,100,1,2181,2182,2183,2184,2185,2186,"1,20",50,40 ,40,40,,
219,幻刺,典狱官一族的长女，精通各种私刑手段，也是怪异的制服爱好者。曾为冰冰等著名演艺圈人士设计服装，旗下拥有“强袭装甲”等顶级服装品牌。但是据说脾气很怪，如果不欣赏她的作品，马上就会暴走。惹怒她的话，最好乞求被一刀暴死，求个解脱吧。,Blademaster,Blademaster,huanc,3.00 ,60,"1,1","14,100",3,5,2,,25,1,1,606,121,213,85,2619,43,9,16,7,186,1,1,5,219,100,1,2181,2182,2183,2184,2185,2186,"1,20",50,40 ,40,40,,
220,幻刺,典狱官一族的长女，精通各种私刑手段，也是怪异的制服爱好者。曾为冰冰等著名演艺圈人士设计服装，旗下拥有“强袭装甲”等顶级服装品牌。但是据说脾气很怪，如果不欣赏她的作品，马上就会暴走。惹怒她的话，最好乞求被一刀暴死，求个解脱吧。,Blademaster,Blademaster,huanc,3.00 ,85,"1,1","14,100",3,6,2,,28,1,1,793,159,278,111,3429,57,12,20,9,243,1,1,6,220,100,1,2181,2182,2183,2184,2185,2186,"1,30",50,40 ,40,40,,
221,法师杀手,黑夜给了他黑色的眼睛，他却用破布蒙住光明。挥动着如月牙般的双刀，此生注定孤独的黑暗舞者，他擅长梦幻舞步和精准的不看刀砍人，尤其是手无缚鸡之力的法师。旋转，跳跃，他闭着眼，尘嚣看不见，你沉醉了没？?,Blademaster,Blademaster,fsss,6.00 ,15,"1,1","14,100",3,2,1,,16,1,1,167,28,70,32,756,13,2,6,3,54,1,1,2,221,100,1,2211,2212,2213,2214,2215,2216,"1,20",50,40 ,40,40,,
222,法师杀手,黑夜给了他黑色的眼睛，他却用破布蒙住光明。挥动着如月牙般的双刀，此生注定孤独的黑暗舞者，他擅长梦幻舞步和精准的不看刀砍人，尤其是手无缚鸡之力的法师。旋转，跳跃，他闭着眼，尘嚣看不见，你沉醉了没？?,Blademaster,Blademaster,fsss,6.00 ,25,"1,1","14,100",3,3,1,,19,1,1,309,52,130,59,1404,22,4,10,5,100,1,1,3,222,100,1,2211,2212,2213,2214,2215,2216,"1,20",50,40 ,40,40,,
223,法师杀手,黑夜给了他黑色的眼睛，他却用破布蒙住光明。挥动着如月牙般的双刀，此生注定孤独的黑暗舞者，他擅长梦幻舞步和精准的不看刀砍人，尤其是手无缚鸡之力的法师。旋转，跳跃，他闭着眼，尘嚣看不见，你沉醉了没？?,Blademaster,Blademaster,fsss,6.00 ,40,"1,1","14,100",3,4,1,,22,1,1,398,67,168,76,1809,29,5,12,6,129,1,1,4,223,100,1,2211,2212,2213,2214,2215,2216,"1,20",50,40 ,40,40,,
224,法师杀手,黑夜给了他黑色的眼睛，他却用破布蒙住光明。挥动着如月牙般的双刀，此生注定孤独的黑暗舞者，他擅长梦幻舞步和精准的不看刀砍人，尤其是手无缚鸡之力的法师。旋转，跳跃，他闭着眼，尘嚣看不见，你沉醉了没？?,Blademaster,Blademaster,fsss,6.00 ,60,"1,1","14,100",3,5,1,,25,1,1,576,97,243,109,2619,41,8,18,9,186,1,1,5,224,100,1,2211,2212,2213,2214,2215,2216,"1,20",50,40 ,40,40,,
225,法师杀手,黑夜给了他黑色的眼睛，他却用破布蒙住光明。挥动着如月牙般的双刀，此生注定孤独的黑暗舞者，他擅长梦幻舞步和精准的不看刀砍人，尤其是手无缚鸡之力的法师。旋转，跳跃，他闭着眼，尘嚣看不见，你沉醉了没？?,Blademaster,Blademaster,fsss,6.00 ,85,"1,1","14,100",3,6,1,,28,1,1,754,127,318,143,3429,55,10,23,11,243,1,1,6,225,100,1,2211,2212,2213,2214,2215,2216,"1,30",50,40,40,40,,
226,法师杀手,黑夜给了他黑色的眼睛，他却用破布蒙住光明。挥动着如月牙般的双刀，此生注定孤独的黑暗舞者，他擅长梦幻舞步和精准的不看刀砍人，尤其是手无缚鸡之力的法师。旋转，跳跃，他闭着眼，尘嚣看不见，你沉醉了没？?,Blademaster,Blademaster,fsss,6.00 ,99,"1,1","14,100",3,7,1,,31,1,1,932,157,393,177,4239,67,12,28,13,300,1,1,7,226,100,1,2211,2212,2213,2214,2215,2216,"1,20",50,40 ,40,40,,
227,鸡鸡脸,爱疯狂，爱战鼓，最近喜欢狂战斧，最爱还是1v5。我不是内裤脸，更不是JB脸！我就是鸡鸡脸，鸡是闻鸡起舞的鸡，也是积极向上的鸡；我就是鸡立鹤群的时间操控者，给我一套神装，我要打10个！,Blademaster,Blademaster,jjl,3.00 ,60,"1,1","14,100",3,5,2,,25,1,1,606,121,213,85,2619,43,9,16,7,186,1,1,5,227,100,1,2271,2272,2273,2274,2275,2276,"1,30",50,40 ,40,40,,
228,鸡鸡脸,爱疯狂，爱战鼓，最近喜欢狂战斧，最爱还是1v5。我不是内裤脸，更不是JB脸！我就是鸡鸡脸，鸡是闻鸡起舞的鸡，也是积极向上的鸡；我就是鸡立鹤群的时间操控者，给我一套神装，我要打11个！,Blademaster,Blademaster,jjl,3.00 ,85,"1,1","14,100",3,6,2,,28,1,1,793,159,278,111,3429,57,12,20,9,243,1,1,6,228,100,1,2271,2272,2273,2274,2275,2276,"1,20",50,40 ,40,40,,
229,鸡鸡脸,爱疯狂，爱战鼓，最近喜欢狂战斧，最爱还是1v5。我不是内裤脸，更不是JB脸！我就是鸡鸡脸，鸡是闻鸡起舞的鸡，也是积极向上的鸡；我就是鸡立鹤群的时间操控者，给我一套神装，我要打12个！,Blademaster,Blademaster,jjl,3.00 ,99,"1,1","14,100",3,7,2,,31,1,1,981,196,344,138,4239,70,14,25,10,300,1,1,7,229,100,1,2271,2272,2273,2274,2275,2276,"1,10",50,40 ,40,40,,
,,,,,,,,,,,,,,,,,,,,,,,,,,,,,,,,,,,,,,,,,,,,,
10001,呆呆,木讷的小树人，极端的环保主义者，即使在战斗中也在思考着日益严峻的滥砍滥伐问题。,Blademaster,Blademaster,daid,3.00 ,10,"1,1","14,100",0,1,1,,13,1,1,44,17,19,12,315,4,2,2,1,23,1,1,1,10001,100,1,100011,100012,100013,100014,100015,100016,"1,20",50,40 ,40,40,,
10002,呆呆,木讷的小树人，极端的环保主义者，即使在战斗中也在思考着日益严峻的滥砍滥伐问题。,Blademaster,Blademaster,daid,3.00 ,15,"1,1","14,100",0,2,1,,16,1,1,123,46,53,32,882,10,4,4,3,63,1,1,2,10002,100,1,100011,100012,100013,100014,100015,100016,"1,30",50,40 ,40,40,,
10003,呆呆,木讷的小树人，极端的环保主义者，即使在战斗中也在思考着日益严峻的滥砍滥伐问题。,Blademaster,Blademaster,daid,3.00 ,25,"1,1","14,100",0,3,1,,19,1,1,228,85,98,59,1638,17,7,7,5,117,1,1,3,10003,100,1,100011,100012,100013,100014,100015,100016,"1,20",50,40 ,40,40,,
10004,咬咬,活蹦乱跳的新生食尸鬼，因为生前是饿死的，所以看见什么都想咬一口。,Blademaster,Blademaster,yaoy,3.00 ,10,"1,1","14,100",0,1,2,,13,1,1,53,14,25,8,315,5,2,2,1,23,1,1,1,10004,100,1,100041,100042,100043,100044,100045,100046,"1,30",50,40 ,40,40,,
10005,咬咬,活蹦乱跳的新生食尸鬼，因为生前是饿死的，所以看见什么都想咬一口。,Blademaster,Blademaster,yaoy,3.00 ,15,"1,1","14,100",0,2,2,,16,1,1,149,39,70,21,882,12,3,6,2,63,1,1,2,10005,100,1,100041,100042,100043,100044,100045,100046,"1,20",50,40 ,40,40,,
10006,咬咬,活蹦乱跳的新生食尸鬼，因为生前是饿死的，所以看见什么都想咬一口。,Blademaster,Blademaster,yaoy,3.00 ,25,"1,1","14,100",0,3,2,,19,1,1,277,72,130,39,1638,20,6,10,3,117,1,1,3,10006,100,1,100041,100042,100043,100044,100045,100046,"1,30",50,40 ,40,40,,
10007,叫叫,凶狠的食尸鬼，对捕食很有心得，擅长呼叫同伴对心仪的猎物进行围杀。,Blademaster,Blademaster,jiaoj,3.00 ,15,"1,1","14,100",0,2,2,,16,1,1,123,46,53,32,882,10,4,4,3,63,1,1,2,10007,100,1,100071,100072,100073,100074,100075,100076,"1,20",50,40 ,40,40,,
10008,叫叫,凶狠的食尸鬼，对捕食很有心得，擅长呼叫同伴对心仪的猎物进行围杀。,Blademaster,Blademaster,jiaoj,3.00 ,25,"1,1","14,100",0,3,2,,19,1,1,228,85,98,59,1638,17,7,7,5,117,1,1,3,10008,100,1,100071,100072,100073,100074,100075,100076,"1,20",50,40 ,40,40,,
10009,叫叫,凶狠的食尸鬼，对捕食很有心得，擅长呼叫同伴对心仪的猎物进行围杀。,Blademaster,Blademaster,jiaoj,3.00 ,40,"1,1","14,100",0,4,2,,22,1,1,293,109,126,76,2111,21,8,9,6,150,1,1,4,10009,100,1,100071,100072,100073,100074,100075,100076,"1,30",50,40 ,40,40,,
10010,,树人卫士，丛林守护者以及高等精灵经常从他们身上汲取大自然的力量与智慧。,Blademaster,Blademaster,meim,3.00 ,15,"1,1","14,100",0,2,1,,16,1,1,149,39,70,21,882,12,3,6,2,63,1,1,2,10010,100,1,100101,100102,100103,100104,100105,100106,"1,20",50,40 ,40,40,,
10011,,树人卫士，丛林守护者以及高等精灵经常从他们身上汲取大自然的力量与智慧。,Blademaster,Blademaster,meim,3.00 ,25,"1,1","14,100",0,3,1,,19,1,1,277,72,130,39,1638,20,6,10,3,117,1,1,3,10011,100,1,100101,100102,100103,100104,100105,100106,"1,30",50,40 ,40,40,,
10012,,树人卫士，丛林守护者以及高等精灵经常从他们身上汲取大自然的力量与智慧。,Blademaster,Blademaster,meim,3.00 ,40,"1,1","14,100",0,4,1,,22,1,1,356,92,168,51,2111,26,7,12,4,150,1,1,4,10012,100,1,100101,100102,100103,100104,100105,100106,"1,20",50,40 ,40,40,,
10013,人马娃娃,人马娃娃，和其它种族幼崽的悠哉童年不同，捕食和搏斗是唯一的娱乐。,Blademaster,Blademaster,rmww,3.00 ,15,"1,1","14,100",0,2,0,,16,1,1,114,42,70,35,819,9,3,6,3,59,1,1,2,10013,100,1,100131,100132,100133,100134,100135,100136,"1,30",50,40 ,40,40,,
10014,人马娃娃,人马娃娃，和其它种族幼崽的悠哉童年不同，捕食和搏斗是唯一的娱乐。,Blademaster,Blademaster,rmww,3.00 ,25,"1,1","14,100",0,3,0,,19,1,1,212,78,130,65,1521,15,6,10,5,108,1,1,3,10014,100,1,100131,100132,100133,100134,100135,100136,"1,20",50,40 ,40,40,,
10015,人马娃娃,人马娃娃，和其它种族幼崽的悠哉童年不同，捕食和搏斗是唯一的娱乐。,Blademaster,Blademaster,rmww,3.00 ,40,"1,1","14,100",0,4,0,,22,1,1,272,101,168,84,1960,20,8,12,6,140,1,1,4,10015,100,1,100131,100132,100133,100134,100135,100136,"1,20",50,40 ,40,40,,
10016,人马他妈,霸道的人马族女汉子，热爱家庭暴力，在教育幼崽的问题上，信奉优胜劣汰的丛林生存法则。,Blademaster,Blademaster,rmtm,3.00 ,15,"1,1","14,100",0,2,0,,16,1,1,123,46,53,32,882,10,4,4,3,63,1,1,2,10016,100,1,100161,100162,100163,100164,100165,100166,"1,30",50,40 ,40,40,,
10017,人马他妈,霸道的人马族女汉子，热爱家庭暴力，在教育幼崽的问题上，信奉优胜劣汰的丛林生存法则。,Blademaster,Blademaster,rmtm,3.00 ,25,"1,1","14,100",0,3,0,,19,1,1,228,85,98,59,1638,17,7,7,5,117,1,1,3,10017,100,1,100161,100162,100163,100164,100165,100166,"1,20",50,40 ,40,40,,
10018,人马他妈,霸道的人马族女汉子，热爱家庭暴力，在教育幼崽的问题上，信奉优胜劣汰的丛林生存法则。,Blademaster,Blademaster,rmtm,3.00 ,40,"1,1","14,100",0,4,0,,22,1,1,293,109,126,76,2111,21,8,9,6,150,1,1,4,10018,100,1,100161,100162,100163,100164,100165,100166,"1,30",50,40 ,40,40,,
10019,人马他爹,暴力威严的人马族汉子，坚信“生活就是战斗”，无论在家庭生活还是部族斗争中，都展现着刚毅不屈的人马风范。,Blademaster,Blademaster,rmtd,3.00 ,25,"1,1","14,100",0,3,0,,19,1,1,244,78,98,52,1755,18,6,7,4,125,1,1,3,10019,100,1,100191,100192,100193,100194,100195,100196,"1,20",50,40 ,40,40,,
10020,人马他爹,暴力威严的人马族汉子，坚信“生活就是战斗”，无论在家庭生活还是部族斗争中，都展现着刚毅不屈的人马风范。,Blademaster,Blademaster,rmtd,3.00 ,40,"1,1","14,100",0,4,0,,22,1,1,314,101,126,67,2262,23,8,9,5,161,1,1,4,10020,100,1,100191,100192,100193,100194,100195,100196,"1,30",50,40 ,40,40,,
10021,人马他爹,暴力威严的人马族汉子，坚信“生活就是战斗”，无论在家庭生活还是部族斗争中，都展现着刚毅不屈的人马风范。,Blademaster,Blademaster,rmtd,3.00 ,60,"1,1","14,100",0,5,0,,25,1,1,455,146,182,97,3274,33,11,13,8,232,1,1,5,10021,100,1,100191,100192,100193,100194,100195,100196,"1,20",50,40 ,40,40,,
10022,狗娃,狗头部族中茫茫多新生儿中的一个，没有任何特别之处。,Blademaster,Blademaster,gouw,3.00 ,15,"1,1","14,100",3,2,0,,16,1,1,175,35,62,25,756,13,3,5,2,54,1,1,2,10022,100,1,100221,100222,100223,100224,100225,100226,"1,20",50,40 ,40,40,,
10023,狗娃,狗头部族中茫茫多新生儿中的一个，没有任何特别之处。,Blademaster,Blademaster,gouw,3.00 ,25,"1,1","14,100",3,3,0,,19,1,1,325,65,114,46,1404,23,5,9,4,100,1,1,3,10023,100,1,100221,100222,100223,100224,100225,100226,"1,30",50,40 ,40,40,,
10024,狗娃,狗头部族中茫茫多新生儿中的一个，没有任何特别之处。,Blademaster,Blademaster,gouw,3.00 ,40,"1,1","14,100",3,4,0,,22,1,1,418,84,147,59,1809,30,6,11,5,129,1,1,4,10024,100,1,100221,100222,100223,100224,100225,100226,"1,20",50,40 ,40,40,,
10025,狗爹,狗头部族的长者，超生部队的先驱，为部族的发展壮大夜以继日地辛勤劳作。,Blademaster,Blademaster,goud,3.00 ,25,"1,1","14,100",3,3,0,,19,1,1,293,59,163,46,1404,21,5,12,4,100,1,1,3,10025,100,1,100251,100252,100253,100254,100255,100256,"1,30",50,40 ,40,40,,
10026,狗爹,狗头部族的长者，超生部队的先驱，为部族的发展壮大夜以继日地辛勤劳作。,Blademaster,Blademaster,goud,3.00 ,40,"1,1","14,100",3,4,0,,22,1,1,377,76,209,59,1809,27,6,15,5,129,1,1,4,10026,100,1,100251,100252,100253,100254,100255,100256,"1,20",50,40 ,40,40,,
10027,狗爹,狗头部族的长者，超生部队的先驱，为部族的发展壮大夜以继日地辛勤劳作。,Blademaster,Blademaster,goud,3.00 ,60,"1,1","14,100",3,5,0,,25,1,1,546,109,303,85,2619,39,9,22,7,186,1,1,5,10027,100,1,100251,100252,100253,100254,100255,100256,"1,30",50,40 ,40,40,,
10028,鸟人,一名试图领悟自然奥秘的德鲁伊，曾在翡翠梦境中学习与鸟类沟通，日久生情，变成了鸟人。,Blademaster,Blademaster,niaor,3.00 ,10,"1,1","14,100",1,1,1,,13,1,1,19,8,62,18,225,2,1,5,2,16,1,1,1,10028,100,1,100281,100282,100283,100284,100285,100286,"1,20",50,40 ,40,40,,
10029,鸟人,一名试图领悟自然奥秘的德鲁伊，曾在翡翠梦境中学习与鸟类沟通，日久生情，变成了鸟人。,Blademaster,Blademaster,niaor,3.00 ,15,"1,1","14,100",1,2,1,,16,1,1,53,21,175,49,630,4,2,13,4,45,1,1,2,10029,100,1,100281,100282,100283,100284,100285,100286,"1,20",50,40 ,40,40,,
10030,鸟人,一名试图领悟自然奥秘的德鲁伊，曾在翡翠梦境中学习与鸟类沟通，日久生情，变成了鸟人。,Blademaster,Blademaster,niaor,3.00 ,25,"1,1","14,100",1,3,1,,19,1,1,98,39,325,91,1170,7,3,23,7,83,1,1,3,10030,100,1,100281,100282,100283,100284,100285,100286,"1,30",50,40 ,40,40,,
10031,湃,一名高阶鸟人，因常年在林间生活，不但双臂长出了翅膀，身体的某个其它部位也发生了微妙的变化。,Blademaster,Blademaster,diaor,3.00 ,15,"1,1","14,100",1,2,1,,16,1,1,53,21,175,49,630,4,2,13,4,45,1,1,2,10031,100,1,100311,100312,100313,100314,100315,100316,"1,20",50,40 ,40,40,,
10032,湃,一名高阶鸟人，因常年在林间生活，不但双臂长出了翅膀，身体的某个其它部位也发生了微妙的变化。,Blademaster,Blademaster,diaor,3.00 ,25,"1,1","14,100",1,3,1,,19,1,1,98,39,325,91,1170,7,3,23,7,83,1,1,3,10032,100,1,100311,100312,100313,100314,100315,100316,"1,30",50,40 ,40,40,,
10033,湃,一名高阶鸟人，因常年在林间生活，不但双臂长出了翅膀，身体的某个其它部位也发生了微妙的变化。,Blademaster,Blademaster,diaor,3.00 ,40,"1,1","14,100",1,4,1,,22,1,1,126,51,418,117,1508,9,4,30,9,107,1,1,4,10033,100,1,100311,100312,100313,100314,100315,100316,"1,20",50,40 ,40,40,,
10034,人妖,一名修炼生死秘术的亡灵法师，曾试图领悟可以自由穿梭扭曲虚空的第八感，结果误入歧途，变得不人不鬼，不男不女。,Blademaster,Blademaster,reny,3.00 ,10,"1,1","14,100",1,1,2,,13,1,1,19,9,59,18,225,2,1,5,2,16,1,1,1,10034,100,1,100341,100342,100343,100344,100345,100346,"1,30",50,40 ,40,40,,
10035,人妖,一名修炼生死秘术的亡灵法师，曾试图领悟可以自由穿梭扭曲虚空的第八感，结果误入歧途，变得不人不鬼，不男不女。,Blademaster,Blademaster,reny,3.00 ,15,"1,1","14,100",1,2,2,,16,1,1,53,25,167,49,630,4,2,13,4,45,1,1,2,10035,100,1,100341,100342,100343,100344,100345,100346,"1,20",50,40 ,40,40,,
10036,人妖,一名修炼生死秘术的亡灵法师，曾试图领悟可以自由穿梭扭曲虚空的第八感，结果误入歧途，变得不人不鬼，不男不女。,Blademaster,Blademaster,reny,3.00 ,25,"1,1","14,100",1,3,2,,19,1,1,98,46,309,91,1170,7,4,22,7,83,1,1,3,10036,100,1,100341,100342,100343,100344,100345,100346,"1,10",50,40 ,40,40,,
10037,泰式人妖,一名高阶亡灵法师，为了领悟“阿赖耶识”，曾去潘达利亚修行，但是因为迷路，不小心走到了一个叫暹罗的地方。,Blademaster,Blademaster,tsry,3.00 ,15,"1,1","14,100",1,2,2,,16,1,1,53,25,167,49,630,4,2,13,4,45,1,1,2,10037,100,1,100371,100372,100373,100374,100375,100376,"1,10",50,40 ,40,40,,
10038,泰式人妖,一名高阶亡灵法师，为了领悟“阿赖耶识”，曾去潘达利亚修行，但是因为迷路，不小心走到了一个叫暹罗的地方。,Blademaster,Blademaster,tsry,3.00 ,25,"1,1","14,100",1,3,2,,19,1,1,98,46,309,91,1170,7,4,22,7,83,1,1,3,10038,100,1,100371,100372,100373,100374,100375,100376,"1,10",50,40 ,40,40,,
10039,泰式人妖,一名高阶亡灵法师，为了领悟“阿赖耶识”，曾去潘达利亚修行，但是因为迷路，不小心走到了一个叫暹罗的地方。,Blademaster,Blademaster,tsry,3.00 ,40,"1,1","14,100",1,4,2,,22,1,1,126,59,398,117,1508,9,5,29,9,107,1,1,4,10039,100,1,100371,100372,100373,100374,100375,100376,"1,10",50,40 ,40,40,,
10040,小骷髅,弱不禁风的小骷髅弓箭手，不知被谁被召唤出来，虽然个头小，小心他的冷箭。,Blademaster,Blademaster,xkl,3.00 ,15,"1,1","14,100",5,2,2,,16,1,1,167,35,88,25,630,13,3,7,2,45,1,1,2,10040,100,1,100401,100402,100403,100404,100405,100406,"1,10",50,40 ,40,40,,
10041,小骷髅,弱不禁风的小骷髅弓箭手，不知被谁被召唤出来，虽然个头小，小心他的冷箭。,Blademaster,Blademaster,xkl,3.00 ,25,"1,1","14,100",5,3,2,,19,1,1,309,65,163,46,1170,22,5,12,4,83,1,1,3,10041,100,1,100401,100402,100403,100404,100405,100406,"1,10",50,40 ,40,40,,
10042,小骷髅,弱不禁风的小骷髅弓箭手，不知被谁被召唤出来，虽然个头小，小心他的冷箭。,Blademaster,Blademaster,xkl,3.00 ,40,"1,1","14,100",5,4,2,,22,1,1,398,84,209,59,1508,29,6,15,5,107,1,1,4,10042,100,1,100401,100402,100403,100404,100405,100406,"1,10",50,40 ,40,40,,
10043,大骷髅,外强中干的骷髅兵，只是看起来个头比较大。,Blademaster,Blademaster,dkl,3.00 ,15,"1,1","14,100",4,2,2,,16,1,1,70,53,53,35,1071,6,4,4,3,77,1,1,2,10043,100,1,100431,100432,100433,100434,100435,100436,"1,10",50,40 ,40,40,,
10044,大骷髅,外强中干的骷髅兵，只是看起来个头比较大。,Blademaster,Blademaster,dkl,3.00 ,25,"1,1","14,100",4,3,2,,19,1,1,130,98,98,65,1989,10,8,7,5,142,1,1,3,10044,100,1,100431,100432,100433,100434,100435,100436,"1,10",50,40 ,40,40,,
10045,大骷髅,外强中干的骷髅兵，只是看起来个头比较大。,Blademaster,Blademaster,dkl,3.00 ,40,"1,1","14,100",4,4,2,,22,1,1,168,126,126,84,2563,12,9,9,6,182,1,1,4,10045,100,1,100431,100432,100433,100434,100435,100436,"1,10",50,40 ,40,40,,
10046,淘气巨魔,天真无邪的小巨魔崽子，生下来就在野外厮混，所以强壮又敏捷。,Blademaster,Blademaster,tqjm,3.00 ,15,"1,1","14,100",5,2,0,,16,1,1,149,39,70,28,756,12,3,6,2,54,1,1,2,10046,100,1,100461,100462,100463,100464,100465,100466,"1,10",50,40 ,40,40,,
10047,淘气巨魔,天真无邪的小巨魔崽子，生下来就在野外厮混，所以强壮又敏捷。,Blademaster,Blademaster,tqjm,3.00 ,25,"1,1","14,100",5,3,0,,19,1,1,277,72,130,52,1404,20,6,10,4,100,1,1,3,10047,100,1,100461,100462,100463,100464,100465,100466,"1,10",50,40 ,40,40,,
10048,淘气巨魔,天真无邪的小巨魔崽子，生下来就在野外厮混，所以强壮又敏捷。,Blademaster,Blademaster,tqjm,3.00 ,40,"1,1","14,100",5,4,0,,22,1,1,356,92,168,67,1809,26,7,12,5,129,1,1,4,10048,100,1,100461,100462,100463,100464,100465,100466,"1,10",50,40 ,40,40,,
10049,风骚巨魔,黑暗巨魔一族的精英祭祀，原萨满教的一员，因在非官方场合cos巨魔一族的神灵姐姐被流放。,Blademaster,Blademaster,fsjm,3.00 ,25,"1,1","14,100",2,3,0,,19,1,1,130,52,244,91,1287,10,4,18,7,92,1,1,3,10049,100,1,100491,100492,100493,100494,100495,100496,"1,10",50,40 ,40,40,,
10050,风骚巨魔,黑暗巨魔一族的精英祭祀，原萨满教的一员，因在非官方场合cos巨魔一族的神灵姐姐被流放。,Blademaster,Blademaster,fsjm,3.00 ,40,"1,1","14,100",2,4,0,,22,1,1,168,67,314,117,1659,12,5,23,9,118,1,1,4,10050,100,1,100491,100492,100493,100494,100495,100496,"1,10",50,40 ,40,40,,
10051,风骚巨魔,黑暗巨魔一族的精英祭祀，原萨满教的一员，因在非官方场合cos巨魔一族的神灵姐姐被流放。,Blademaster,Blademaster,fsjm,3.00 ,60,"1,1","14,100",2,5,0,,25,1,1,243,97,455,170,2401,18,8,33,13,170,1,1,5,10051,100,1,100491,100492,100493,100494,100495,100496,"1,10",50,40 ,40,40,,
10052,下流巨魔,黑暗巨魔一族的精英标枪手，原神灵武士的一员，因亵渎巨魔一族的神灵姐姐雕像被流放。,Blademaster,Blademaster,xljm,3.00 ,25,"1,1","14,100",5,3,0,,19,1,1,260,72,130,59,1404,19,6,10,5,100,1,1,3,10052,100,1,100521,100522,100523,100524,100525,100526,"1,10",50,40 ,40,40,,
10053,下流巨魔,黑暗巨魔一族的精英标枪手，原神灵武士的一员，因亵渎巨魔一族的神灵姐姐雕像被流放。,Blademaster,Blademaster,xljm,3.00 ,40,"1,1","14,100",5,4,0,,22,1,1,335,92,168,76,1809,24,7,12,6,129,1,1,4,10053,100,1,100521,100522,100523,100524,100525,100526,"1,10",50,40 ,40,40,,
10054,下流巨魔,黑暗巨魔一族的精英标枪手，原神灵武士的一员，因亵渎巨魔一族的神灵姐姐雕像被流放。,Blademaster,Blademaster,xljm,3.00 ,60,"1,1","14,100",5,5,0,,25,1,1,485,134,243,109,2619,35,10,18,9,186,1,1,5,10054,100,1,100521,100522,100523,100524,100525,100526,"1,10",50,40 ,40,40,,
10055,奶爸,皮肤白皙，弱不禁风，衣着华贵，自认为并不是很娘，但是奶水还是挺足的。,Blademaster,Blademaster,naib,3.00 ,15,"1,1","14,100",2,2,1,,16,1,1,70,28,132,49,693,6,2,10,4,50,1,1,2,10055,100,1,100551,100552,100553,100554,100555,100556,"1,10",50,40 ,40,40,,
10056,奶爸,皮肤白皙，弱不禁风，衣着华贵，自认为并不是很娘，但是奶水还是挺足的。,Blademaster,Blademaster,naib,3.00 ,25,"1,1","14,100",2,3,1,,19,1,1,130,52,244,91,1287,10,4,18,7,92,1,1,3,10056,100,1,100551,100552,100553,100554,100555,100556,"1,10",50,40 ,40,40,,
10057,奶爸,皮肤白皙，弱不禁风，衣着华贵，自认为并不是很娘，但是奶水还是挺足的。,Blademaster,Blademaster,naib,3.00 ,40,"1,1","14,100",2,4,1,,22,1,1,168,67,314,117,1659,12,5,23,9,118,1,1,4,10057,100,1,100551,100552,100553,100554,100555,100556,"1,10",50,40 ,40,40,,
10058,地狱火,体态庞大，生性残忍，浑身被邪能火焰包围，如果惹怒了有恶魔血统的boss们，小心出门被地狱火砸死。,Blademaster,Blademaster,dyh,3.00 ,25,"1,1","14,100",4,3,0,,19,1,1,277,72,130,39,1638,20,6,10,3,117,1,1,3,10058,100,1,100581,100582,100583,100584,100585,100586,"1,10",50,40 ,40,40,,
10059,地狱火,体态庞大，生性残忍，浑身被邪能火焰包围，如果惹怒了有恶魔血统的boss们，小心出门被地狱火砸死。,Blademaster,Blademaster,dyh,3.00 ,40,"1,1","14,100",4,4,0,,22,1,1,356,92,168,51,2111,26,7,12,4,150,1,1,4,10059,100,1,100581,100582,100583,100584,100585,100586,"1,10",50,40 ,40,40,,
10060,地狱火,体态庞大，生性残忍，浑身被邪能火焰包围，如果惹怒了有恶魔血统的boss们，小心出门被地狱火砸死。,Blademaster,Blademaster,dyh,3.00 ,60,"1,1","14,100",4,5,0,,25,1,1,516,134,243,73,3056,37,10,18,6,217,1,1,5,10060,100,1,100581,100582,100583,100584,100585,100586,"1,10",50,40 ,40,40,,
10061,炮车,近卫方的炮车。狂妄的天灾，不来一发吗？,Blademaster,Blademaster,paoc,1.00 ,40,"1,1","14,100",0,4,1,,22,1,1,356,92,168,67,1809,26,7,12,5,129,1,1,4,10061,100,1,100611,100612,100613,100614,100615,100616,"1,10",50,40,40,40,,
10062,投石车,天灾方的投石车，但是投掷往往的是绿色环保的尸块，而不是石块。,Blademaster,Blademaster,tsc,1.00 ,40,"1,1","14,100",3,4,2,,22,1,1,398,84,209,59,1508,29,6,15,5,107,1,1,4,10062,100,1,100621,100622,100623,100624,100625,100626,"1,10",50,40 ,40,40,,
10063,农民,一个普通的农夫，毕生最大的愿望是农妇、山泉、有点田。,Blademaster,Blademaster,nongm,1.00 ,10,"1,1","14,100",1,1,0,,13,1,1,44,17,19,12,315,4,2,2,1,23,1,1,4,10063,100,1,100631,100632,100633,100634,100635,100636,"1,10",50,40 ,40,40,,
10064,平民,一个小镇平民，家里有点钱，有点地。,Blademaster,Blademaster,pingm,1.00 ,10,"1,1","14,100",4,1,0,,13,1,1,25,19,19,13,383,2,2,2,1,28,1,1,3,10064,100,1,100641,100642,100643,100644,100645,100646,"1,10",50,40 ,40,40,,
10065,农妇,一个普通的农妇，毕生最大的愿望是农夫、山泉、有点田。,Blademaster,Blademaster,nongf,1.00 ,10,"1,1","14,100",2,1,0,,13,1,1,25,10,47,18,248,2,1,4,2,18,1,1,4,10065,100,1,100651,100652,100653,100654,100655,100656,"1,10",50,40 ,40,40,,
10066,福特慢,Footman，步兵又俗称脚男。庞大的英雄列表中最不起眼的一个，但是须知团结的力量是惊人的。传说只要在副本里面对25个脚男的制裁之剑，任何邪恶之徒都要乖乖躺尸，交出自己的宝物。,Blademaster,Blademaster,ftm,3.00 ,15,"1,1","14,100",4,2,1,,16,1,1,70,53,53,35,1071,6,4,4,3,77,1,1,2,10065,100,1,100661,100662,100663,100664,100665,100666,"1,11",50,40 ,40,40,,
10067,福特慢,Footman，步兵又俗称脚男。庞大的英雄列表中最不起眼的一个，但是须知团结的力量是惊人的。传说只要在副本里面对26个脚男的制裁之剑，任何邪恶之徒都要乖乖躺尸，交出自己的宝物。,Blademaster,Blademaster,ftm,3.00 ,25,"1,1","14,100",4,3,1,,19,1,1,130,98,98,65,1989,10,8,7,5,142,1,1,3,10065,100,1,100661,100662,100663,100664,100665,100666,"1,12",50,40 ,40,40,,
10068,福特慢,Footman，步兵又俗称脚男。庞大的英雄列表中最不起眼的一个，但是须知团结的力量是惊人的。传说只要在副本里面对27个脚男的制裁之剑，任何邪恶之徒都要乖乖躺尸，交出自己的宝物。,Blademaster,Blademaster,ftm,3.00 ,40,"1,1","14,100",4,4,1,,22,1,1,168,126,126,84,2563,12,9,9,6,182,1,1,4,10065,100,1,100661,100662,100663,100664,100665,100666,"1,13",50,40 ,40,40,,
10069,傻奥克,傻奥克。别人都说兽族人傻好欺负，但是绝对不要小看这股蛮力。其自传《奥克正传》里有一句话：人生就像一盒脑袋瓜，你永远不知道下一颗的味道。,Blademaster,Blademaster,sak,3.00 ,15,"1,1","14,100",0,2,2,,16,1,1,149,39,70,21,882,12,3,6,2,63,1,1,2,10065,100,1,100691,100692,100693,100694,100695,100696,"1,14",50,40 ,40,40,,
10070,傻奥克,傻奥克。别人都说兽族人傻好欺负，但是绝对不要小看这股蛮力。其自传《奥克正传》里有一句话：人生就像一盒脑袋瓜，你永远不知道下一颗的味道。,Blademaster,Blademaster,sak,3.00 ,25,"1,1","14,100",0,3,2,,19,1,1,277,72,130,39,1638,20,6,10,3,117,1,1,3,10065,100,1,100691,100692,100693,100694,100695,100696,"1,15",50,40 ,40,40,,
10071,傻奥克,傻奥克。别人都说兽族人傻好欺负，但是绝对不要小看这股蛮力。其自传《奥克正传》里有一句话：人生就像一盒脑袋瓜，你永远不知道下一颗的味道。,Blademaster,Blademaster,sak,3.00 ,40,"1,1","14,100",0,4,2,,22,1,1,356,92,168,51,2111,26,7,12,4,150,1,1,4,10065,100,1,100691,100692,100693,100694,100695,100696,"1,16",50,40 ,40,40,,
10072,熊弟,拍拍部族的成员,Blademaster,Blademaster,xiongd,3.00 ,15,"1,1","14,100",3,2,1,,16,1,1,167,32,70,25,819,13,3,6,2,59,1,1,2,10072,100,1,100721,100722,100723,100724,100725,100726,"1,10",50,40 ,40,40,,
10073,熊弟,拍拍部族的成员,Blademaster,Blademaster,xiongd,3.00 ,25,"1,1","14,100",3,3,1,,19,1,1,309,59,130,46,1521,22,5,10,4,108,1,1,3,10073,100,1,100721,100722,100723,100724,100725,100726,"1,10",50,40 ,40,40,,
10074,熊弟,拍拍部族的成员,Blademaster,Blademaster,xiongd,3.00 ,40,"1,1","14,100",3,4,1,,22,1,1,398,76,168,59,1960,29,6,12,5,140,1,1,4,10074,100,1,100721,100722,100723,100724,100725,100726,"1,10",50,40 ,40,40,,
10075,熊哥,拍拍部族的精英成员,Blademaster,Blademaster,xiongg,3.00 ,25,"1,1","14,100",4,3,1,,19,1,1,130,98,98,65,1989,10,8,7,5,142,1,1,3,10075,100,1,100751,100752,100753,100754,100755,100756,"1,10",50,40 ,40,40,,
10076,熊哥,拍拍部族的精英成员,Blademaster,Blademaster,xiongg,3.00 ,40,"1,1","14,100",4,4,1,,22,1,1,168,126,126,84,2563,12,9,9,6,182,1,1,4,10076,100,1,100751,100752,100753,100754,100755,100756,"1,10",50,40 ,40,40,,
10077,熊哥,拍拍部族的精英成员,Blademaster,Blademaster,xiongg,3.00 ,60,"1,1","14,100",4,5,1,,25,1,1,243,182,182,121,3711,18,14,13,9,263,1,1,5,10077,100,1,100751,100752,100753,100754,100755,100756,"1,10",50,40 ,40,40,,
10078,泥泥,泥土傀儡，四肢发达，但是非常笨重，脑子也经常转不过弯来。,Blademaster,Blademaster,nin,3.00 ,15,"1,1","14,100",4,2,0,,16,1,1,70,56,70,28,1008,6,4,6,2,72,1,1,2,10078,100,1,100781,100782,100783,100784,100785,100786,"1,10",50,40 ,40,40,,
10079,泥泥,泥土傀儡，四肢发达，但是非常笨重，脑子也经常转不过弯来。,Blademaster,Blademaster,nin,3.00 ,25,"1,1","14,100",4,3,0,,19,1,1,130,104,130,52,1872,10,8,10,4,133,1,1,3,10079,100,1,100781,100782,100783,100784,100785,100786,"1,10",50,40 ,40,40,,
10080,泥泥,泥土傀儡，四肢发达，但是非常笨重，脑子也经常转不过弯来。,Blademaster,Blademaster,nin,3.00 ,40,"1,1","14,100",4,4,0,,22,1,1,168,134,168,67,2412,12,10,12,5,172,1,1,4,10080,100,1,100781,100782,100783,100784,100785,100786,"1,10",50,40 ,40,40,,
10081,岩岩,花岗岩傀儡，坚如磐石这个词就是用来形容它的。虽然脑子不好使，但是在地质学领域却有不少独到的见解。,Blademaster,Blademaster,yany,3.00 ,25,"1,1","14,100",0,3,0,,19,1,1,244,78,98,52,1755,18,6,7,4,125,1,1,3,10081,100,1,100811,100812,100813,100814,100815,100816,"1,10",50,40 ,40,40,,
10082,岩岩,花岗岩傀儡，坚如磐石这个词就是用来形容它的。虽然脑子不好使，但是在地质学领域却有不少独到的见解。,Blademaster,Blademaster,yany,3.00 ,40,"1,1","14,100",0,4,0,,22,1,1,314,101,126,67,2262,23,8,9,5,161,1,1,4,10082,100,1,100811,100812,100813,100814,100815,100816,"1,10",50,40 ,40,40,,
10083,岩岩,花岗岩傀儡，坚如磐石这个词就是用来形容它的。虽然脑子不好使，但是在地质学领域却有不少独到的见解。,Blademaster,Blademaster,yany,3.00 ,60,"1,1","14,100",0,5,0,,25,1,1,455,146,182,97,3274,33,11,13,8,232,1,1,5,10083,100,1,100811,100812,100813,100814,100815,100816,"1,10",50,40 ,40,40,,
10084,仔龙,龙弟弟，刀塔界的开山老祖的化身，不过也是个比较悲剧的人物，3次称霸，又3次被战友抛弃。虽转生为一只小龙，可不要低估它的战力！,Blademaster,Blademaster,zail,3.00 ,15,"1,1","14,100",5,2,0,,16,1,1,140,32,70,39,756,11,3,6,3,54,1,1,2,10084,100,1,100841,100842,100843,100844,100845,100846,"1,10",50,40 ,40,40,,
10085,仔龙,龙弟弟，刀塔界的开山老祖的化身，不过也是个比较悲剧的人物，3次称霸，又4次被战友抛弃。虽转生为一只小龙，可不要低估它的战力！,Blademaster,Blademaster,zail,3.00 ,25,"1,1","14,100",5,3,0,,19,1,1,260,59,130,72,1404,19,5,10,6,100,1,1,3,10085,100,1,100841,100842,100843,100844,100845,100846,"1,10",50,40 ,40,40,,
10086,仔龙,龙弟弟，刀塔界的开山老祖的化身，不过也是个比较悲剧的人物，3次称霸，又5次被战友抛弃。虽转生为一只小龙，可不要低估它的战力！,Blademaster,Blademaster,zail,3.00 ,40,"1,1","14,100",5,4,0,,22,1,1,335,76,168,92,1809,24,6,12,7,129,1,1,4,10086,100,1,100841,100842,100843,100844,100845,100846,"1,10",50,40 ,40,40,,
10087,黑龙,一群蠢货，骄傲会将你们送上绝路，我可是大地守护者――黑龙。要明白你的处境，凡人！,Blademaster,Blademaster,heil,1.00 ,40,"1,1","14,100",5,4,0,,22,1,1,335,92,168,76,1809,24,7,12,6,129,1,1,4,10087,100,1,100871,100872,100873,100874,100875,100876,"1,10",50,40 ,40,40,,
10088,红龙,一群蠢货，骄傲会将你们送上绝路，我可是生命守护者――红龙。要明白你的处境，凡人！,Blademaster,Blademaster,hongl,1.00 ,40,"1,1","14,100",4,4,0,,22,1,1,168,67,209,134,2412,12,5,15,10,172,1,1,4,10088,100,1,100881,100882,100883,100884,100885,100886,"1,10",50,40 ,40,40,,
10089,蓝龙,一群蠢货，骄傲会将你们送上绝路，我可是魔法守护者――蓝龙。要明白你的处境，凡人！,Blademaster,Blademaster,lanl,1.00 ,40,"1,1","14,100",1,4,0,,22,1,1,126,51,418,117,1508,9,4,30,9,107,1,1,4,10089,100,1,100891,100892,100893,100894,100895,100896,"1,10",50,40 ,40,40,,
10090,肥鸡,和好基友胖鸟在小糖山温泉度假的时候，不慎感染了流感。结果被隔离在一个鸟不拉屎的地方，从此不得不走上风餐露宿的中立道路。,Blademaster,Blademaster,feij,3.00 ,15,"1,1","14,100",2,2,0,,16,1,1,70,25,132,42,882,6,2,10,3,63,1,1,2,10090,100,1,100901,100902,100903,100904,100905,100906,"1,10",50,40 ,40,40,,
10091,肥鸡,和好基友胖鸟在小糖山温泉度假的时候，不慎感染了流感。结果被隔离在一个鸟不拉屎的地方，从此不得不走上风餐露宿的中立道路。,Blademaster,Blademaster,feij,3.00 ,25,"1,1","14,100",2,3,0,,19,1,1,130,46,244,78,1638,10,4,18,6,117,1,1,3,10091,100,1,100901,100902,100903,100904,100905,100906,"1,10",50,40 ,40,40,,
10092,肥鸡,和好基友胖鸟在小糖山温泉度假的时候，不慎感染了流感。结果被隔离在一个鸟不拉屎的地方，从此不得不走上风餐露宿的中立道路。,Blademaster,Blademaster,feij,3.00 ,40,"1,1","14,100",2,4,0,,22,1,1,168,59,314,101,2111,12,5,23,8,150,1,1,4,10092,100,1,100901,100902,100903,100904,100905,100906,"1,10",50,40 ,40,40,,
10093,胖鸟,和好基友肥鸡在小糖山温泉度假的时候，不慎感染了流感。结果被隔离在一个鸟不拉屎的地方，从此不得不走上风餐露宿的中立道路。,Blademaster,Blademaster,pangn,3.00 ,25,"1,1","14,100",1,3,0,,19,1,1,98,39,325,91,1170,7,3,23,7,83,1,1,3,10093,100,1,100931,100932,100933,100934,100935,100936,"1,10",50,40 ,40,40,,
10094,胖鸟,和好基友肥鸡在小糖山温泉度假的时候，不慎感染了流感。结果被隔离在一个鸟不拉屎的地方，从此不得不走上风餐露宿的中立道路。,Blademaster,Blademaster,pangn,3.00 ,40,"1,1","14,100",1,4,0,,22,1,1,126,51,418,117,1508,9,4,30,9,107,1,1,4,10094,100,1,100931,100932,100933,100934,100935,100936,"1,10",50,40 ,40,40,,
10095,胖鸟,和好基友肥鸡在小糖山温泉度假的时候，不慎感染了流感。结果被隔离在一个鸟不拉屎的地方，从此不得不走上风餐露宿的中立道路。,Blademaster,Blademaster,pangn,3.00 ,60,"1,1","14,100",1,5,0,,25,1,1,182,73,606,170,2183,13,6,43,13,155,1,1,5,10095,100,1,100931,100932,100933,100934,100935,100936,"1,10",50,40 ,40,40,,
10096,小萨,被污染的萨特一族，其实并没有那么不堪。尊老爱幼一直是他们的传统美德，在这样的优质环境中长大，小萨逐步成长为可靠、残暴的暗杀高手。,Blademaster,Blademaster,xiaos,3.00 ,15,"1,1","14,100",3,2,2,,16,1,1,175,35,62,25,756,13,3,5,2,54,1,1,2,10096,100,1,100961,100962,100963,100964,100965,100966,"1,10",50,40 ,40,40,,
10097,小萨,被污染的萨特一族，其实并没有那么不堪。尊老爱幼一直是他们的传统美德，在这样的优质环境中长大，小萨逐步成长为可靠、残暴的暗杀高手。,Blademaster,Blademaster,xiaos,3.00 ,25,"1,1","14,100",3,3,2,,19,1,1,325,65,114,46,1404,23,5,9,4,100,1,1,3,10097,100,1,100961,100962,100963,100964,100965,100966,"1,10",50,40 ,40,40,,
10098,小萨,被污染的萨特一族，其实并没有那么不堪。尊老爱幼一直是他们的传统美德，在这样的优质环境中长大，小萨逐步成长为可靠、残暴的暗杀高手。,Blademaster,Blademaster,xiaos,3.00 ,40,"1,1","14,100",3,4,2,,22,1,1,418,84,147,59,1809,30,6,11,5,129,1,1,4,10098,100,1,100961,100962,100963,100964,100965,100966,"1,10",50,40 ,40,40,,
10099,大萨,你这是病！必须得治！尽管全族已经无药可医了，大萨在亡灵势力那里成功找到了“活马当死马医”的方法。不朽代价仅仅是半死不活，听起来还是蛮划算的。,Blademaster,Blademaster,das,3.00 ,25,"1,1","14,100",2,3,2,,19,1,1,130,52,244,91,1287,10,4,18,7,92,1,1,3,10099,100,1,100991,100992,100993,100994,100995,100996,"1,10",50,40 ,40,40,,
10100,大萨,你这是病！必须得治！尽管全族已经无药可医了，大萨在亡灵势力那里成功找到了“活马当死马医”的方法。不朽代价仅仅是半死不活，听起来还是蛮划算的。,Blademaster,Blademaster,das,3.00 ,40,"1,1","14,100",2,4,2,,22,1,1,168,67,314,117,1659,12,5,23,9,118,1,1,4,10100,100,1,100991,100992,100993,100994,100995,100996,"1,10",50,40 ,40,40,,
10101,大萨,你这是病！必须得治！尽管全族已经无药可医了，大萨在亡灵势力那里成功找到了“活马当死马医”的方法。不朽代价仅仅是半死不活，听起来还是蛮划算的。,Blademaster,Blademaster,das,3.00 ,60,"1,1","14,100",2,5,2,,25,1,1,243,97,455,170,2401,18,8,33,13,170,1,1,5,10101,100,1,100991,100992,100993,100994,100995,100996,"1,10",50,40 ,40,40,,
10102,老萨,被污染的萨特一族，其实并没有那么不堪。尊老爱幼一直是他们的传统美德，在这样环境中度过晚年，老萨仍然可以在毁灭与破坏的神圣事业上发挥余热。,Blademaster,Blademaster,laos,3.00 ,25,"1,1","14,100",4,3,2,,19,1,1,130,98,98,65,1989,10,8,7,5,142,1,1,3,10102,100,1,101021,101022,101023,101024,101025,101026,"1,10",50,40 ,40,40,,
10103,老萨,被污染的萨特一族，其实并没有那么不堪。尊老爱幼一直是他们的传统美德，在这样环境中度过晚年，老萨仍然可以在毁灭与破坏的神圣事业上发挥余热。,Blademaster,Blademaster,laos,3.00 ,40,"1,1","14,100",4,4,2,,22,1,1,168,126,126,84,2563,12,9,9,6,182,1,1,4,10103,100,1,101021,101022,101023,101024,101025,101026,"1,10",50,40 ,40,40,,
10104,老萨,被污染的萨特一族，其实并没有那么不堪。尊老爱幼一直是他们的传统美德，在这样环境中度过晚年，老萨仍然可以在毁灭与破坏的神圣事业上发挥余热。,Blademaster,Blademaster,laos,3.00 ,60,"1,1","14,100",4,5,2,,25,1,1,243,182,182,121,3711,18,14,13,9,263,1,1,5,10104,100,1,101021,101022,101023,101024,101025,101026,"1,10",50,40 ,40,40,,
10105,狼头,凛冬将至，群聚狼生，独行狼死。面对到手的猎物他们会一拥而上，,Blademaster,Blademaster,langt,3.00 ,25,"1,1","14,100",3,3,0,,19,1,1,325,65,114,46,1404,23,5,9,4,100,1,1,3,10105,100,1,101051,101052,101053,101054,101055,101056,"1,10",50,40 ,40,40,,
10106,狼头,凛冬将至，群聚狼生，独行狼死。面对到手的猎物他们会一拥而上，,Blademaster,Blademaster,langt,3.00 ,40,"1,1","14,100",3,4,0,,22,1,1,418,84,147,59,1809,30,6,11,5,129,1,1,4,10106,100,1,101051,101052,101053,101054,101055,101056,"1,10",50,40 ,40,40,,
10107,狼头,凛冬将至，群聚狼生，独行狼死。面对到手的猎物他们会一拥而上，,Blademaster,Blademaster,langt,3.00 ,60,"1,1","14,100",3,5,0,,25,1,1,606,121,213,85,2619,43,9,16,7,186,1,1,5,10107,100,1,101051,101052,101053,101054,101055,101056,"1,10",50,40 ,40,40,,
10108,狼崽,虽然是刚出生不久的小狼，但是要知道狗急尚且跳墙，何况狼？,Blademaster,Blademaster,langz,3.00 ,15,"1,1","14,100",3,2,0,,16,1,1,175,35,62,25,756,13,3,5,2,54,1,1,2,10108,100,1,101081,101082,101083,101084,101085,101086,"1,10",50,40 ,40,40,,
10109,狼崽,虽然是刚出生不久的小狼，但是要知道狗急尚且跳墙，何况狼？,Blademaster,Blademaster,langz,3.00 ,25,"1,1","14,100",3,3,0,,19,1,1,325,65,114,46,1404,23,5,9,4,100,1,1,3,10109,100,1,101081,101082,101083,101084,101085,101086,"1,10",50,40 ,40,40,,
10110,狼崽,虽然是刚出生不久的小狼，但是要知道狗急尚且跳墙，何况狼？,Blademaster,Blademaster,langz,3.00 ,40,"1,1","14,100",3,4,0,,22,1,1,418,84,147,59,1809,30,6,11,5,129,1,1,4,10110,100,1,101081,101082,101083,101084,101085,101086,"1,10",50,40 ,40,40,,
10111,龙卵战士,守卫龙卵的精英卫士。尽管并不是自己的后代，憧憬龙母风姿的龙卵战士仍然像对亲生子孙一样守护着龙蛋。,Blademaster,Blademaster,llzs,3.00 ,25,"1,1","14,100",0,3,0,,19,1,1,277,72,130,39,1638,20,6,10,3,117,1,1,3,10111,100,1,101111,101112,101113,101114,101115,101116,"1,10",50,40 ,40,40,,
10112,龙卵战士,守卫龙卵的精英卫士。尽管并不是自己的后代，憧憬龙母风姿的龙卵战士仍然像对亲生子孙一样守护着龙蛋。,Blademaster,Blademaster,llzs,3.00 ,40,"1,1","14,100",0,4,0,,22,1,1,356,92,168,51,2111,26,7,12,4,150,1,1,4,10112,100,1,101111,101112,101113,101114,101115,101116,"1,10",50,40 ,40,40,,
10113,龙卵战士,守卫龙卵的精英卫士。尽管并不是自己的后代，憧憬龙母风姿的龙卵战士仍然像对亲生子孙一样守护着龙蛋。,Blademaster,Blademaster,llzs,3.00 ,60,"1,1","14,100",0,5,0,,25,1,1,516,134,243,73,3056,37,10,18,6,217,1,1,5,10113,100,1,101111,101112,101113,101114,101115,101116,"1,10",50,40 ,40,40,,
10114,龙之男巫,尽管是泰坦制造的守卫，龙族里面也难免有神棍。自称可以和造物主沟通，他们用一点小法术就可以获得无数低等生物的崇拜。,Blademaster,Blademaster,lznw,3.00 ,25,"1,1","14,100",1,3,0,,19,1,1,98,46,309,91,1170,7,4,22,7,83,1,1,3,10114,100,1,101141,101142,101143,101144,101145,101146,"1,10",50,40 ,40,40,,
10115,龙之男巫,尽管是泰坦制造的守卫，龙族里面也难免有神棍。自称可以和造物主沟通，他们用一点小法术就可以获得无数低等生物的崇拜。,Blademaster,Blademaster,lznw,3.00 ,40,"1,1","14,100",1,4,0,,22,1,1,126,59,398,117,1508,9,5,29,9,107,1,1,4,10115,100,1,101141,101142,101143,101144,101145,101146,"1,10",50,40 ,40,40,,
10116,龙之男巫,尽管是泰坦制造的守卫，龙族里面也难免有神棍。自称可以和造物主沟通，他们用一点小法术就可以获得无数低等生物的崇拜。,Blademaster,Blademaster,lznw,3.00 ,60,"1,1","14,100",1,5,0,,25,1,1,182,85,576,170,2183,13,7,41,13,155,1,1,5,10116,100,1,101141,101142,101143,101144,101145,101146,"1,10",50,40 ,40,40,,
10117,丛林漫游者,笨拙的丛林漫游者，患有严重的嗜睡以及梦游综合征。如果看到一个绿油油的大家伙在森林里晃悠，那必是他无疑了。,Blademaster,Blademaster,clmyz,1.00 ,40,"1,1","14,100",2,4,0,,22,1,1,168,59,314,101,2111,12,5,23,8,150,1,1,4,10117,100,1,101171,101172,101173,101174,101175,101176,"1,10",50,40 ,40,40,,
10118,丛林伏地魔,巨大的丛林潜伏者，是所有在丛林冒险者的噩梦。有人说和另一个著名的没鼻子法师有亲缘关系，但是丛林伏地魔坚称，此事纯属虚构，如有雷同，纯属巧合。,Blademaster,Blademaster,clfdm,1.00 ,40,"1,1","14,100",3,4,0,,22,1,1,398,76,168,59,1960,29,6,12,5,140,1,1,4,10118,100,1,101181,101182,101183,101184,101185,101186,"1,10",50,40 ,40,40,,
10119,肉山,尘归尘，土归土，近卫天灾二百五。我就是肉山，所有中立生物的守护神，捍卫NPC的最后荣耀。又来了一群小绵羊，你们这是自寻死路！,Blademaster,Blademaster,rous,1.00 ,99,"1,1","14,100",0,7,0,,31,1,1,932,177,393,138,4593,67,13,28,10,325,1,1,7,10119,100,1,101191,101192,101193,101194,101195,101196,"1,10",50,40 ,40,40,,
10120,小鱼人,本是生猛的娜迦守卫，但是在突袭玩家时，因上升太快，不慎脱水，于是就变成了这幅模样。,Blademaster,Blademaster,xiaoyr,3.00 ,15,"1,1","14,100",3,2,0,,16,1,1,158,32,88,25,756,12,3,7,2,54,1,1,2,10120,100,1,101201,101202,101203,101204,101205,101206,"1,20",50,40 ,40,40,,
10121,小鱼人,本是生猛的娜迦守卫，但是在突袭玩家时，因上升太快，不慎脱水，于是就变成了这幅模样。,Blademaster,Blademaster,xiaoyr,3.00 ,25,"1,1","14,100",3,3,0,,19,1,1,293,59,163,46,1404,21,5,12,4,100,1,1,3,10121,100,1,101201,101202,101203,101204,101205,101206,"1,30",50,40 ,40,40,,
10122,小鱼人,本是生猛的娜迦守卫，但是在突袭玩家时，因上升太快，不慎脱水，于是就变成了这幅模样。,Blademaster,Blademaster,xiaoyr,3.00 ,40,"1,1","14,100",3,4,0,,22,1,1,377,76,209,59,1809,27,6,15,5,129,1,1,4,10122,100,1,101201,101202,101203,101204,101205,101206,"1,20",50,40 ,40,40,,
10123,猪骑兵,加入兽人精英狼骑部队是猪骑兵长久以来的梦想。但是因为体检不合格他只能用家养的小公猪苦练骑术，皇天不负有心人，小公猪终于练就了一身冲锋陷阵，被骑与被砍杀的好本领。,Blademaster,Blademaster,zhuqb,3.00 ,25,"1,1","14,100",4,3,1,,19,1,1,130,98,98,65,1989,10,8,7,5,142,1,1,3,10123,100,1,101231,101232,101233,101234,101235,101236,"1,10",50,40 ,40,40,,
10124,猪骑兵,加入兽人精英狼骑部队是猪骑兵长久以来的梦想。但是因为体检不合格他只能用家养的小公猪苦练骑术，皇天不负有心人，小公猪终于练就了一身冲锋陷阵，被骑与被砍杀的好本领。,Blademaster,Blademaster,zhuqb,3.00 ,40,"1,1","14,100",4,4,1,,22,1,1,168,126,126,84,2563,12,9,9,6,182,1,1,4,10124,100,1,101231,101232,101233,101234,101235,101236,"1,10",50,40 ,40,40,,
10125,猪骑兵,加入兽人精英狼骑部队是猪骑兵长久以来的梦想。但是因为体检不合格他只能用家养的小公猪苦练骑术，皇天不负有心人，小公猪终于练就了一身冲锋陷阵，被骑与被砍杀的好本领。,Blademaster,Blademaster,zhuqb,3.00 ,60,"1,1","14,100",4,5,1,,25,1,1,243,182,182,121,3711,18,14,13,9,263,1,1,5,10125,100,1,101231,101232,101233,101234,101235,101236,"1,10",50,40 ,40,40,,
,,,,,,,,,,,,,,,,,,,,,,,,,,,,,,,,,,,,,,,,,,,,,
50001,哀嚎之剑,北方战场阵亡圣武士的佩剑。职业进阶素材。,Blademaster,Blademaster,ahzj,5.00 ,25,"1,1","14,100",0,3,2,,19,1,1,277,72,130,39,1638,20,6,10,3,117,1,1,3,50001,100,1,1,1,1,1,1,1,"1,10",50,40 ,40,40,,
50002,哀嚎之剑,北方战场阵亡圣武士的佩剑。职业进阶素材。,Blademaster,Blademaster,ahzj,5.00 ,40,"1,1","14,100",0,4,2,,22,1,1,356,92,168,51,2111,26,7,12,4,150,1,1,4,50002,100,1,1,1,1,1,1,1,"1,10",50,40 ,40,40,,
50003,哀嚎之剑,北方战场阵亡圣武士的佩剑。职业进阶素材。,Blademaster,Blademaster,ahzj,5.00 ,60,"1,1","14,100",0,5,2,,25,1,1,516,134,243,73,3056,37,10,18,6,217,1,1,3,50003,100,1,1,1,1,1,1,1,"1,10",50,40 ,40,40,,
50004,哀嚎之剑,北方战场阵亡圣武士的佩剑。职业进阶素材。,Blademaster,Blademaster,ahzj,5.00 ,85,"1,1","14,100",0,6,2,,28,1,1,675,175,318,96,4001,49,13,23,7,284,1,1,4,50004,100,1,1,1,1,1,1,1,"1,10",50,40 ,40,40,,
50005,哀嚎之剑,北方战场阵亡圣武士的佩剑。职业进阶素材。,Blademaster,Blademaster,ahzj,5.00 ,99,"1,1","14,100",0,7,2,,31,1,1,834,216,393,118,4946,60,16,28,9,350,1,1,5,50005,100,1,1,1,1,1,1,1,"1,10",50,40 ,40,40,,
50006,黑魔盾,寄宿者阵亡战士怨灵的盾牌。职业进阶素材。,Blademaster,Blademaster,hmd,5.00 ,25,"1,1","14,100",4,3,2,,19,1,1,277,72,130,39,1638,20,6,10,3,117,1,1,3,50006,100,1,1,1,1,1,1,1,"1,10",50,40 ,40,40,,
50007,黑魔盾,寄宿者阵亡战士怨灵的盾牌。职业进阶素材。,Blademaster,Blademaster,hmd,5.00 ,40,"1,1","14,100",4,4,2,,22,1,1,356,92,168,51,2111,26,7,12,4,150,1,1,4,50007,100,1,1,1,1,1,1,1,"1,10",50,40 ,40,40,,
50008,黑魔盾,寄宿者阵亡战士怨灵的盾牌。职业进阶素材。,Blademaster,Blademaster,hmd,5.00 ,60,"1,1","14,100",4,5,2,,25,1,1,516,134,243,73,3056,37,10,18,6,217,1,1,3,50008,100,1,1,1,1,1,1,1,"1,10",50,40 ,40,40,,
50009,黑魔盾,寄宿者阵亡战士怨灵的盾牌。职业进阶素材。,Blademaster,Blademaster,hmd,5.00 ,85,"1,1","14,100",4,6,2,,28,1,1,675,175,318,96,4001,49,13,23,7,284,1,1,4,50009,100,1,1,1,1,1,1,1,"1,10",50,40 ,40,40,,
50010,黑魔盾,寄宿者阵亡战士怨灵的盾牌。职业进阶素材。,Blademaster,Blademaster,hmd,5.00 ,99,"1,1","14,100",4,7,2,,31,1,1,834,216,393,118,4946,60,16,28,9,350,1,1,5,50010,100,1,1,1,1,1,1,1,"1,10",50,40 ,40,40,,
50011,疯狂法杖,吞噬了无数主人魔力的法杖。职业进阶素材。,Blademaster,Blademaster,fkfz,5.00 ,25,"1,1","14,100",1,3,1,,19,1,1,277,72,130,39,1638,20,6,10,3,117,1,1,3,50011,100,1,1,1,1,1,1,1,"1,10",50,40 ,40,40,,
50012,疯狂法杖,吞噬了无数主人魔力的法杖。职业进阶素材。,Blademaster,Blademaster,fkfz,5.00 ,40,"1,1","14,100",1,4,1,,22,1,1,356,92,168,51,2111,26,7,12,4,150,1,1,4,50012,100,1,1,1,1,1,1,1,"1,10",50,40 ,40,40,,
50013,疯狂法杖,吞噬了无数主人魔力的法杖。职业进阶素材。,Blademaster,Blademaster,fkfz,5.00 ,60,"1,1","14,100",1,5,1,,25,1,1,516,134,243,73,3056,37,10,18,6,217,1,1,3,50013,100,1,1,1,1,1,1,1,"1,10",50,40 ,40,40,,
50014,疯狂法杖,吞噬了无数主人魔力的法杖。职业进阶素材。,Blademaster,Blademaster,fkfz,5.00 ,85,"1,1","14,100",1,6,1,,28,1,1,675,175,318,96,4001,49,13,23,7,284,1,1,4,50014,100,1,1,1,1,1,1,1,"1,10",50,40 ,40,40,,
50015,疯狂法杖,吞噬了无数主人魔力的法杖。职业进阶素材。,Blademaster,Blademaster,fkfz,5.00 ,99,"1,1","14,100",1,7,1,,31,1,1,834,216,393,118,4946,60,16,28,9,350,1,1,5,50015,100,1,1,1,1,1,1,1,"1,10",50,40 ,40,40,,
50016,闪电魔球,充满电能的水晶球。职业进阶素材。,Blademaster,Blademaster,sdmq,5.00 ,25,"1,1","14,100",3,3,1,,19,1,1,277,72,130,39,1638,20,6,10,3,117,1,1,3,50016,100,1,1,1,1,1,1,1,"1,10",50,40,40,40,,
50017,闪电魔球,充满电能的水晶球。职业进阶素材。,Blademaster,Blademaster,sdmq,5.00 ,40,"1,1","14,100",3,4,1,,22,1,1,356,92,168,51,2111,26,7,12,4,150,1,1,4,50017,100,1,1,1,1,1,1,1,"1,10",50,40,40,40,,
50018,闪电魔球,充满电能的水晶球。职业进阶素材。,Blademaster,Blademaster,sdmq,5.00 ,60,"1,1","14,100",3,5,1,,25,1,1,516,134,243,73,3056,37,10,18,6,217,1,1,3,50018,100,1,1,1,1,1,1,1,"1,10",50,40,40,40,,
50019,闪电魔球,充满电能的水晶球。职业进阶素材。,Blademaster,Blademaster,sdmq,5.00 ,85,"1,1","14,100",3,6,1,,28,1,1,675,175,318,96,4001,49,13,23,7,284,1,1,4,50019,100,1,1,1,1,1,1,1,"1,10",50,40,40,40,,
50020,闪电魔球,充满电能的水晶球。职业进阶素材。,Blademaster,Blademaster,sdmq,5.00 ,99,"1,1","14,100",3,7,1,,31,1,1,834,216,393,118,4946,60,16,28,9,350,1,1,5,50020,100,1,1,1,1,1,1,1,"1,10",50,40,40,40,,
50021,黄色吓人箱,一个金闪闪的宝箱，但是看起来不是那么好拿。,Blademaster,Blademaster,xrx,3.00 ,25,"1,1","14,100",5,3,0,,19,1,1,277,72,130,39,1638,20,6,10,3,117,1,1,3,50021,100,1,1,1,1,1,1,1,"1,10",50,40,40,40,,
50022,黑色吓人箱,一个漆黑的宝箱，但是看起来不是那么好拿。,Blademaster,Blademaster,xrx,3.00 ,40,"1,1","14,100",5,4,0,,22,1,1,356,92,168,51,2111,26,7,12,4,150,1,1,3,50022,100,1,1,1,1,1,1,1,"1,10",50,40,40,40,,
50023,纯白吓人箱,一个白色的宝箱，但是看起来不是那么好拿。,Blademaster,Blademaster,xrx,3.00 ,60,"1,1","14,100",5,5,0,,25,1,1,516,134,243,73,3056,37,10,18,6,217,1,1,4,50023,100,1,1,1,1,1,1,1,"1,10",50,40,40,40,,
50024,飞行魔书,一本凝聚着奥术魔力的书籍。,Blademaster,Blademaster,mos,3.00 ,25,"1,1","14,100",2,3,0,,19,1,1,277,72,130,39,1638,20,6,10,3,117,1,1,3,50024,100,1,1,1,1,1,1,1,"1,10",50,40,40,40,,
50025,深渊魔书,一本凝聚着远古自然之力的书籍。,Blademaster,Blademaster,mos,3.00 ,40,"1,1","14,100",2,4,2,,22,1,1,356,92,168,51,2111,26,7,12,4,150,1,1,4,50025,100,1,1,1,1,1,1,1,"1,10",50,40,40,40,,
50026,远古魔书,一本凝聚着深渊邪恶之力的书籍。,Blademaster,Blademaster,mos,3.00 ,60,"1,1","14,100",2,5,1,,25,1,1,516,134,243,73,3056,37,10,18,6,217,1,1,5,50026,100,1,1,1,1,1,1,1,"1,10",50,40,40,40,,
,,,,,,,,,,,,,,,,,,,,,,,,,,,,,,,,,,,,,,,,,,,,,
,,,,,,,,,,,,,,,,,,,,,,,,,,,,,,,,,,,,,,,,,,,,,
,,,,,,,,,,,,,,,,,,,,,,,,,,,,,,,,,,,,,,,,,,,,,
,,,,,,,,,,,,,,,,,,,,,,,,,,,,,,,,,,,,,,,,,,,,,
,,,,,,,,,,,,,,,,,,,,,,,,,,,,,,,,,,,,,,,,,,,,,
,,,,,,,,,,,,,,,,,,,,,,,,,,,,,,,,,,,,,,,,,,,,,
,,,,,,,,,,,,,,,,,,,,,,,,,,,,,,,,,,,,,,,,,,,,,
,,,,,,,,,,,,,,,,,,,,,,,,,,,,,,,,,,,,,,,,,,,,,
,,,,,,,,,,,,,,,,,,,,,,,,,,,,,,,,,,,,,,,,,,,,,
,,,,,,,,,,,,,,,,,,,,,,,,,,,,,,,,,,,,,,,,,,,,,
,,,,,,,,,,,,,,,,,,,,,,,,,,,,,,,,,,,,,,,,,,,,,
,,,,,,,,,,,,,,,,,,,,,,,,,,,,,,,,,,,,,,,,,,,,,
,,,,,,,,,,,,,,,,,,,,,,,,,,,,,,,,,,,,,,,,,,,,,
,,,,,,,,,,,,,,,,,,,,,,,,,,,,,,,,,,,,,,,,,,,,,
,,,,,,,,,,,,,,,,,,,,,,,,,,,,,,,,,,,,,,,,,,,,,
,,,,,,,,,,,,,,,,,,,,,,,,,,,,,,,,,,,,,,,,,,,,,
,,,,,,,,,,,,,,,,,,,,,,,,,,,,,,,,,,,,,,,,,,,,,
,,,,,,,,,,,,,,,,,,,,,,,,,,,,,,,,,,,,,,,,,,,,,
,,,,,,,,,,,,,,,,,,,,,,,,,,,,,,,,,,,,,,,,,,,,,
,,,,,,,,,,,,,,,,,,,,,,,,,,,,,,,,,,,,,,,,,,,,,
,,,,,,,,,,,,,,,,,,,,,,,,,,,,,,,,,,,,,,,,,,,,,
,,,,,,,,,,,,,,,,,,,,,,,,,,,,,,,,,,,,,,,,,,,,,
,,,,,,,,,,,,,,,,,,,,,,,,,,,,,,,,,,,,,,,,,,,,,
,,,,,,,,,,,,,,,,,,,,,,,,,,,,,,,,,,,,,,,,,,,,,
,,,,,,,,,,,,,,,,,,,,,,,,,,,,,,,,,,,,,,,,,,,,,
,,,,,,,,,,,,,,,,,,,,,,,,,,,,,,,,,,,,,,,,,,,,,
,,,,,,,,,,,,,,,,,,,,,,,,,,,,,,,,,,,,,,,,,,,,,
,,,,,,,,,,,,,,,,,,,,,,,,,,,,,,,,,,,,,,,,,,,,,
,,,,,,,,,,,,,,,,,,,,,,,,,,,,,,,,,,,,,,,,,,,,,
,,,,,,,,,,,,,,,,,,,,,,,,,,,,,,,,,,,,,,,,,,,,,
,,,,,,,,,,,,,,,,,,,,,,,,,,,,,,,,,,,,,,,,,,,,,
,,,,,,,,,,,,,,,,,,,,,,,,,,,,,,,,,,,,,,,,,,,,,
,,,,,,,,,,,,,,,,,,,,,,,,,,,,,,,,,,,,,,,,,,,,,
,,,,,,,,,,,,,,,,,,,,,,,,,,,,,,,,,,,,,,,,,,,,,
,,,,,,,,,,,,,,,,,,,,,,,,,,,,,,,,,,,,,,,,,,,,,
,,,,,,,,,,,,,,,,,,,,,,,,,,,,,,,,,,,,,,,,,,,,,
,,,,,,,,,,,,,,,,,,,,,,,,,,,,,,,,,,,,,,,,,,,,,
,,,,,,,,,,,,,,,,,,,,,,,,,,,,,,,,,,,,,,,,,,,,,
,,,,,,,,,,,,,,,,,,,,,,,,,,,,,,,,,,,,,,,,,,,,,
,,,,,,,,,,,,,,,,,,,,,,,,,,,,,,,,,,,,,,,,,,,,,
,,,,,,,,,,,,,,,,,,,,,,,,,,,,,,,,,,,,,,,,,,,,,
,,,,,,,,,,,,,,,,,,,,,,,,,,,,,,,,,,,,,,,,,,,,,
,,,,,,,,,,,,,,,,,,,,,,,,,,,,,,,,,,,,,,,,,,,,,
,,,,,,,,,,,,,,,,,,,,,,,,,,,,,,,,,,,,,,,,,,,,,
,,,,,,,,,,,,,,,,,,,,,,,,,,,,,,,,,,,,,,,,,,,,,
,,,,,,,,,,,,,,,,,,,,,,,,,,,,,,,,,,,,,,,,,,,,,
,,,,,,,,,,,,,,,,,,,,,,,,,,,,,,,,,,,,,,,,,,,,,
,,,,,,,,,,,,,,,,,,,,,,,,,,,,,,,,,,,,,,,,,,,,,
,,,,,,,,,,,,,,,,,,,,,,,,,,,,,,,,,,,,,,,,,,,,,
,,,,,,,,,,,,,,,,,,,,,,,,,,,,,,,,,,,,,,,,,,,,,
,,,,,,,,,,,,,,,,,,,,,,,,,,,,,,,,,,,,,,,,,,,,,
,,,,,,,,,,,,,,,,,,,,,,,,,,,,,,,,,,,,,,,,,,,,,
,,,,,,,,,,,,,,,,,,,,,,,,,,,,,,,,,,,,,,,,,,,,,
,,,,,,,,,,,,,,,,,,,,,,,,,,,,,,,,,,,,,,,,,,,,,
,,,,,,,,,,,,,,,,,,,,,,,,,,,,,,,,,,,,,,,,,,,,,
,,,,,,,,,,,,,,,,,,,,,,,,,,,,,,,,,,,,,,,,,,,,,
,,,,,,,,,,,,,,,,,,,,,,,,,,,,,,,,,,,,,,,,,,,,,
,,,,,,,,,,,,,,,,,,,,,,,,,,,,,,,,,,,,,,,,,,,,,
,,,,,,,,,,,,,,,,,,,,,,,,,,,,,,,,,,,,,,,,,,,,,
,,,,,,,,,,,,,,,,,,,,,,,,,,,,,,,,,,,,,,,,,,,,,
,,,,,,,,,,,,,,,,,,,,,,,,,,,,,,,,,,,,,,,,,,,,,
,,,,,,,,,,,,,,,,,,,,,,,,,,,,,,,,,,,,,,,,,,,,,
,,,,,,,,,,,,,,,,,,,,,,,,,,,,,,,,,,,,,,,,,,,,,
,,,,,,,,,,,,,,,,,,,,,,,,,,,,,,,,,,,,,,,,,,,,,
,,,,,,,,,,,,,,,,,,,,,,,,,,,,,,,,,,,,,,,,,,,,,
,,,,,,,,,,,,,,,,,,,,,,,,,,,,,,,,,,,,,,,,,,,,,
,,,,,,,,,,,,,,,,,,,,,,,,,,,,,,,,,,,,,,,,,,,,,
,,,,,,,,,,,,,,,,,,,,,,,,,,,,,,,,,,,,,,,,,,,,,
,,,,,,,,,,,,,,,,,,,,,,,,,,,,,,,,,,,,,,,,,,,,,
,,,,,,,,,,,,,,,,,,,,,,,,,,,,,,,,,,,,,,,,,,,,,
,,,,,,,,,,,,,,,,,,,,,,,,,,,,,,,,,,,,,,,,,,,,,
,,,,,,,,,,,,,,,,,,,,,,,,,,,,,,,,,,,,,,,,,,,,,
,,,,,,,,,,,,,,,,,,,,,,,,,,,,,,,,,,,,,,,,,,,,,
,,,,,,,,,,,,,,,,,,,,,,,,,,,,,,,,,,,,,,,,,,,,,
,,,,,,,,,,,,,,,,,,,,,,,,,,,,,,,,,,,,,,,,,,,,,
,,,,,,,,,,,,,,,,,,,,,,,,,,,,,,,,,,,,,,,,,,,,,
,,,,,,,,,,,,,,,,,,,,,,,,,,,,,,,,,,,,,,,,,,,,,
,,,,,,,,,,,,,,,,,,,,,,,,,,,,,,,,,,,,,,,,,,,,,
,,,,,,,,,,,,,,,,,,,,,,,,,,,,,,,,,,,,,,,,,,,,,
,,,,,,,,,,,,,,,,,,,,,,,,,,,,,,,,,,,,,,,,,,,,,
,,,,,,,,,,,,,,,,,,,,,,,,,,,,,,,,,,,,,,,,,,,,,
,,,,,,,,,,,,,,,,,,,,,,,,,,,,,,,,,,,,,,,,,,,,,
,,,,,,,,,,,,,,,,,,,,,,,,,,,,,,,,,,,,,,,,,,,,,
,,,,,,,,,,,,,,,,,,,,,,,,,,,,,,,,,,,,,,,,,,,,,
,,,,,,,,,,,,,,,,,,,,,,,,,,,,,,,,,,,,,,,,,,,,,
,,,,,,,,,,,,,,,,,,,,,,,,,,,,,,,,,,,,,,,,,,,,,
,,,,,,,,,,,,,,,,,,,,,,,,,,,,,,,,,,,,,,,,,,,,,
,,,,,,,,,,,,,,,,,,,,,,,,,,,,,,,,,,,,,,,,,,,,,
,,,,,,,,,,,,,,,,,,,,,,,,,,,,,,,,,,,,,,,,,,,,,
,,,,,,,,,,,,,,,,,,,,,,,,,,,,,,,,,,,,,,,,,,,,,
,,,,,,,,,,,,,,,,,,,,,,,,,,,,,,,,,,,,,,,,,,,,,
,,,,,,,,,,,,,,,,,,,,,,,,,,,,,,,,,,,,,,,,,,,,,
,,,,,,,,,,,,,,,,,,,,,,,,,,,,,,,,,,,,,,,,,,,,,
,,,,,,,,,,,,,,,,,,,,,,,,,,,,,,,,,,,,,,,,,,,,,
,,,,,,,,,,,,,,,,,,,,,,,,,,,,,,,,,,,,,,,,,,,,,
,,,,,,,,,,,,,,,,,,,,,,,,,,,,,,,,,,,,,,,,,,,,,
,,,,,,,,,,,,,,,,,,,,,,,,,,,,,,,,,,,,,,,,,,,,,
,,,,,,,,,,,,,,,,,,,,,,,,,,,,,,,,,,,,,,,,,,,,,
,,,,,,,,,,,,,,,,,,,,,,,,,,,,,,,,,,,,,,,,,,,,,
,,,,,,,,,,,,,,,,,,,,,,,,,,,,,,,,,,,,,,,,,,,,,
,,,,,,,,,,,,,,,,,,,,,,,,,,,,,,,,,,,,,,,,,,,,,
,,,,,,,,,,,,,,,,,,,,,,,,,,,,,,,,,,,,,,,,,,,,,
,,,,,,,,,,,,,,,,,,,,,,,,,,,,,,,,,,,,,,,,,,,,,
,,,,,,,,,,,,,,,,,,,,,,,,,,,,,,,,,,,,,,,,,,,,,
,,,,,,,,,,,,,,,,,,,,,,,,,,,,,,,,,,,,,,,,,,,,,
,,,,,,,,,,,,,,,,,,,,,,,,,,,,,,,,,,,,,,,,,,,,,
,,,,,,,,,,,,,,,,,,,,,,,,,,,,,,,,,,,,,,,,,,,,,
,,,,,,,,,,,,,,,,,,,,,,,,,,,,,,,,,,,,,,,,,,,,,
,,,,,,,,,,,,,,,,,,,,,,,,,,,,,,,,,,,,,,,,,,,,,
