ID,name,story,quality,sort,take_effect_job,value1,value2,,,,,,,,,,
1,体魄,增加全体英雄的生命上限(HP),3,1,"0,1,2,3,4,5",674,,,,,,,,,,,
2,体魄（力）,增加战士与骑士英雄的生命上限(HP),2,1,"0,4",604.8,,,,,,,,,,,
3,体魄（敏）,增加刺客与神射手英雄的生命上限(HP),2,1,"3,5",604.8,,,,,,,,,,,
4,体魄（智）,增加法师与牧师英雄的生命上限(HP),2,1,"1,2",604.8,,,,,,,,,,,
5,体魄（战）,增加战士英雄的生命上限(HP),1,1,0,216,,,,,,,,,,,
6,体魄（骑）,增加骑士英雄的生命上限(HP),1,1,4,216,,,,,,,,,,,
7,体魄（刺）,增加刺客英雄的生命上限(HP),1,1,3,216,,,,,,,,,,,
8,体魄（弓）,增加神射手英雄的生命上限(HP),1,1,5,216,,,,,,,,,,,
9,体魄（牧）,增加牧师英雄的生命上限(HP),1,1,2,216,,,,,,,,,,,
10,体魄（法）,增加法师英雄的生命上限(HP),1,1,1,216,,,,,,,,,,,
11,强壮,增加全体英雄的物理攻击(ATK),3,2,"0,1,2,3,4,5",156,,,,,,,,,,,
12,强壮（力）,增加战士与骑士英雄的物理攻击(ATK),2,2,"0,4",84,,,,,,,,,,,
13,强壮（敏）,增加刺客与神射手英雄的物理攻击(ATK),2,2,"3,5",84,,,,,,,,,,,
14,强壮（智）,增加法师与牧师英雄的物理攻击(ATK),2,2,"1,2",84,,,,,,,,,,,
15,强壮（战）,增加战士英雄的物理攻击(ATK),1,2,0,30,,,,,,,,,,,
16,强壮（骑）,增加骑士英雄的物理攻击(ATK),1,2,4,30,,,,,,,,,,,
17,强壮（刺）,增加刺客英雄的物理攻击(ATK),1,2,3,30,,,,,,,,,,,
18,强壮（弓）,增加神射手英雄的物理攻击(ATK),1,2,5,30,,,,,,,,,,,
19,强壮（牧）,增加牧师英雄的物理攻击(ATK),1,2,2,30,,,,,,,,,,,
20,强壮（法）,增加法师英雄的物理攻击(ATK),1,2,1,30,,,,,,,,,,,
21,刃甲,增加全体英雄的物理防御(DEF),3,3,"0,1,2,3,4,5",62.4,,,,,,,,,,,
22,刃甲（力）,增加战士与骑士英雄的物理防御(DEF),2,3,1,2,33.6,,,,,,,,,,,
23,刃甲（敏）,增加刺客与神射手英雄的物理防御(DEF),2,3,4,3,33.6,,,,,,,,,,,
24,刃甲（智）,增加法师与牧师英雄的物理防御(DEF),2,3,6,5,33.6,,,,,,,,,,,
25,刃甲（战）,增加战士英雄的物理防御(DEF),1,3,0,12,,,,,,,,,,,
26,刃甲（骑）,增加骑士英雄的物理防御(DEF),1,3,4,12,,,,,,,,,,,
27,刃甲（刺）,增加刺客英雄的物理防御(DEF),1,3,3,12,,,,,,,,,,,
28,刃甲（弓）,增加神射手英雄的物理防御(DEF),1,3,5,12,,,,,,,,,,,
29,刃甲（牧）,增加牧师英雄的物理防御(DEF),1,3,2,12,,,,,,,,,,,
30,刃甲（法）,增加法师英雄的物理防御(DEF),1,3,1,12,,,,,,,,,,,
31,魔力,增加全体英雄的魔法攻击(MA),3,4,"0,1,2,3,4,5",156,,,,,,,,,,,
32,魔力（力）,增加战士与骑士英雄的魔法攻击(MA),2,4,"0,4",84,,,,,,,,,,,
33,魔力（敏）,增加刺客与神射手英雄的魔法攻击(MA),2,4,"3,5",84,,,,,,,,,,,
34,魔力（智）,增加法师与牧师英雄的魔法攻击(MA),2,4,"1,2",84,,,,,,,,,,,
35,魔力（战）,增加战士英雄的魔法攻击(MA),1,4,0,30,,,,,,,,,,,
36,魔力（骑）,增加骑士英雄的魔法攻击(MA),1,4,4,30,,,,,,,,,,,
37,魔力（刺）,增加刺客英雄的魔法攻击(MA),1,4,3,30,,,,,,,,,,,
38,魔力（弓）,增加神射手英雄的魔法攻击(MA),1,4,5,30,,,,,,,,,,,
39,魔力（牧）,增加牧师英雄的魔法攻击(MA),1,4,2,30,,,,,,,,,,,
40,魔力（法）,增加法师英雄的魔法攻击(MA),1,4,1,30,,,,,,,,,,,
41,精神,增加全体英雄的魔法防御(MA),3,5,"0,1,2,3,4,5",62.4,,,,,,,,,,,
42,精神（力）,增加战士与骑士英雄的魔法防御(MA),2,5,"0,4",33.6,,,,,,,,,,,
43,精神（敏）,增加刺客与神射手英雄的魔法防御(MA),2,5,"3,5",33.6,,,,,,,,,,,
44,精神（智）,增加法师与牧师英雄的魔法防御(MA),2,5,"1,2",33.6,,,,,,,,,,,
45,精神（战）,增加战士英雄的魔法防御(MA),1,5,0,12,,,,,,,,,,,
46,精神（骑）,增加骑士英雄的魔法防御(MA),1,5,4,12,,,,,,,,,,,
47,精神（刺）,增加刺客英雄的魔法防御(MA),1,5,3,12,,,,,,,,,,,
48,精神（弓）,增加神射手英雄的魔法防御(MA),1,5,5,12,,,,,,,,,,,
49,精神（牧）,增加牧师英雄的魔法防御(MA),1,5,2,12,,,,,,,,,,,
50,精神（法）,增加法师英雄的魔法防御(MA),1,5,1,12,,,,,,,,,,,
51,鹰眼,增加全体英雄的命中率,3,6,"0,1,2,3,4,5",58.8,,,,,,,,,,,
52,鹰眼（力）,增加战士与骑士英雄的命中率,2,6,1,2,47.6,,,,,,,,,,,
53,鹰眼（敏）,增加刺客与神射手英雄的命中率,2,6,4,3,47.6,,,,,,,,,,,
54,鹰眼（智）,增加法师与牧师英雄的命中率,2,6,6,5,47.6,,,,,,,,,,,
55,灵敏,增加全体英雄的闪避率,3,7,"0,1,2,3,4,5",57.2,,,,,,,,,,,
56,灵敏（力）,增加战士与骑士英雄的闪避率,2,7,1,2,38.2,,,,,,,,,,,
57,灵敏（敏）,增加刺客与神射手英雄的闪避率,2,7,4,3,38.2,,,,,,,,,,,
58,灵敏（智）,增加法师与牧师英雄的闪避率,2,7,6,5,38.2,,,,,,,,,,,
59,狂躁,增加全体英雄的暴击率,3,8,"0,1,2,3,4,5",47.04,,,,,,,,,,,
60,狂躁（力）,增加战士与骑士英雄的暴击率,2,8,1,2,38.08,,,,,,,,,,,
61,狂躁（敏）,增加刺客与神射手英雄的暴击率,2,8,4,3,38.08,,,,,,,,,,,
62,狂躁（智）,增加法师与牧师英雄的暴击率,2,8,6,5,38.08,,,,,,,,,,,
63,残暴,增加全体英雄的暴击伤害,3,10,"0,1,2,3,4,5",,1.1,,,,,,,,,,
64,残暴（力）,增加战士与骑士英雄的暴击伤害,2,10,1,2,,0.8,,,,,,,,,,
65,残暴（敏）,增加刺客与神射手英雄的暴击伤害,2,10,4,3,,0.8,,,,,,,,,,
66,残暴（智）,增加法师与牧师英雄的暴击伤害,2,10,6,5,,0.8,,,,,,,,,,
67,坚韧,减少全体英雄被暴击的几率和被暴击时受到的伤害,3,9,"0,1,2,3,4,5",47.04,,,,,,,,,,,
68,坚韧（力）,减少战士与骑士英雄被暴击的几率和被暴击时受到的伤害,2,9,1,2,31.36,,,,,,,,,,,
69,坚韧（敏）,减少刺客与神射手英雄被暴击的几率和被暴击时受到的伤害,2,9,4,3,31.36,,,,,,,,,,,
70,坚韧（智）,减少法师与牧师英雄被暴击的几率和被暴击时受到的伤害,2,9,6,5,31.36,,,,,,,,,,,
71,偷袭,增加全体英雄的最终伤害,3,11,"0,1,2,3,4,5",33.4,,,,,,,,,,,
72,偷袭（力）,增加战士与骑士英雄的最终伤害,2,11,1,2,18,,,,,,,,,,,
73,偷袭（敏）,增加刺客与神射手英雄的最终伤害,2,11,4,3,18,,,,,,,,,,,
74,偷袭（智）,增加法师与牧师英雄的最终伤害,2,11,6,5,18,,,,,,,,,,,
75,石肤,增加全体英雄的伤害减免,3,12,"0,1,2,3,4,5",13.4,,,,,,,,,,,
76,石肤（力）,增加战士与骑士英雄的伤害减免,2,12,1,2,7.2,,,,,,,,,,,
77,石肤（敏）,增加刺客与神射手英雄的伤害减免,2,12,4,3,7.2,,,,,,,,,,,
78,石肤（智）,增加法师与牧师英雄的伤害减免,2,12,6,5,7.2,,,,,,,,,,,
79,野性之怒,增加全体英雄的初始怒气,3,13,"0,1,2,3,4,5",12,,,,,,,,,,,
80,野性之怒（力）,增加战士与骑士英雄的初始怒气,2,13,"0,4",9,,,,,,,,,,,
81,野性之怒（敏）,增加刺客与神射手英雄的初始怒气,2,13,"3,5",9,,,,,,,,,,,
82,野性之怒（智）,增加法师与牧师英雄的初始怒气,2,13,"1,2",9,,,,,,,,,,,
83,野性之怒（战）,增加战士英雄的初始怒气,1,13,0,6,,,,,,,,,,,
84,野性之怒（骑）,增加骑士英雄的初始怒气,1,13,4,6,,,,,,,,,,,
85,野性之怒（刺）,增加刺客英雄的初始怒气,1,13,3,6,,,,,,,,,,,
86,野性之怒（弓）,增加神射手英雄的初始怒气,1,13,5,6,,,,,,,,,,,
87,野性之怒（牧）,增加牧师英雄的初始怒气,1,13,2,6,,,,,,,,,,,
88,野性之怒（法）,增加法师英雄的初始怒气,1,13,1,6,,,,,,,,,,,
89,体魄,增加全体英雄的生命上限(HP),4,1,"0,1,2,3,4,5",1447.2,,,,,,,,,,,
90,体魄（力）,增加战士与骑士英雄的生命上限(HP),3,1,"0,4",1123.2,,,,,,,,,,,
91,体魄（敏）,增加刺客与神射手英雄的生命上限(HP),3,1,"3,5",1123.2,,,,,,,,,,,
92,体魄（智）,增加法师与牧师英雄的生命上限(HP),3,1,"1,2",1123.2,,,,,,,,,,,
93,体魄（战）,增加战士英雄的生命上限(HP),2,1,0,604.8,,,,,,,,,,,
94,体魄（骑）,增加骑士英雄的生命上限(HP),2,1,4,604.8,,,,,,,,,,,
95,体魄（刺）,增加刺客英雄的生命上限(HP),2,1,3,604.8,,,,,,,,,,,
96,体魄（弓）,增加神射手英雄的生命上限(HP),2,1,5,604.8,,,,,,,,,,,
97,体魄（牧）,增加牧师英雄的生命上限(HP),2,1,2,604.8,,,,,,,,,,,
98,体魄（法）,增加法师英雄的生命上限(HP),2,1,1,604.8,,,,,,,,,,,
99,强壮,增加全体英雄的物理攻击(ATK),4,2,"0,1,2,3,4,5",201,,,,,,,,,,,
100,强壮（力）,增加战士与骑士英雄的物理攻击(ATK),3,2,"0,4",156,,,,,,,,,,,
101,强壮（敏）,增加刺客与神射手英雄的物理攻击(ATK),3,2,"3,5",156,,,,,,,,,,,
102,强壮（智）,增加法师与牧师英雄的物理攻击(ATK),3,2,"1,2",156,,,,,,,,,,,
103,强壮（战）,增加战士英雄的物理攻击(ATK),2,2,0,84,,,,,,,,,,,
104,强壮（骑）,增加骑士英雄的物理攻击(ATK),2,2,4,84,,,,,,,,,,,
105,强壮（刺）,增加刺客英雄的物理攻击(ATK),2,2,3,84,,,,,,,,,,,
106,强壮（弓）,增加神射手英雄的物理攻击(ATK),2,2,5,84,,,,,,,,,,,
107,强壮（牧）,增加牧师英雄的物理攻击(ATK),2,2,2,84,,,,,,,,,,,
108,强壮（法）,增加法师英雄的物理攻击(ATK),2,2,1,84,,,,,,,,,,,
109,刃甲,增加全体英雄的物理防御(DEF),4,3,"0,1,2,3,4,5",80.4,,,,,,,,,,,
110,刃甲（力）,增加战士与骑士英雄的物理防御(DEF),3,3,"0,4",62.4,,,,,,,,,,,
111,刃甲（敏）,增加刺客与神射手英雄的物理防御(DEF),3,3,"3,5",62.4,,,,,,,,,,,
112,刃甲（智）,增加法师与牧师英雄的物理防御(DEF),3,3,"1,2",62.4,,,,,,,,,,,
113,刃甲（战）,增加战士英雄的物理防御(DEF),2,3,0,33.6,,,,,,,,,,,
114,刃甲（骑）,增加骑士英雄的物理防御(DEF),2,3,4,33.6,,,,,,,,,,,
115,刃甲（刺）,增加刺客英雄的物理防御(DEF),2,3,3,33.6,,,,,,,,,,,
116,刃甲（弓）,增加神射手英雄的物理防御(DEF),2,3,5,33.6,,,,,,,,,,,
117,刃甲（牧）,增加牧师英雄的物理防御(DEF),2,3,2,33.6,,,,,,,,,,,
118,刃甲（法）,增加法师英雄的物理防御(DEF),2,3,1,33.6,,,,,,,,,,,
119,魔力,增加全体英雄的魔法攻击(MA),4,4,"0,1,2,3,4,5",201,,,,,,,,,,,
120,魔力（力）,增加战士与骑士英雄的魔法攻击(MA),3,4,"0,4",156,,,,,,,,,,,
121,魔力（敏）,增加刺客与神射手英雄的魔法攻击(MA),3,4,"3,5",156,,,,,,,,,,,
122,魔力（智）,增加法师与牧师英雄的魔法攻击(MA),3,4,"1,2",156,,,,,,,,,,,
123,魔力（战）,增加战士英雄的魔法攻击(MA),2,4,0,84,,,,,,,,,,,
124,魔力（骑）,增加骑士英雄的魔法攻击(MA),2,4,4,84,,,,,,,,,,,
125,魔力（刺）,增加刺客英雄的魔法攻击(MA),2,4,3,84,,,,,,,,,,,
126,魔力（弓）,增加神射手英雄的魔法攻击(MA),2,4,5,84,,,,,,,,,,,
127,魔力（牧）,增加牧师英雄的魔法攻击(MA),2,4,2,84,,,,,,,,,,,
128,魔力（法）,增加法师英雄的魔法攻击(MA),2,4,1,84,,,,,,,,,,,
129,精神,增加全体英雄的魔法防御(MA),4,5,"0,1,2,3,4,5",80.4,,,,,,,,,,,
130,精神（力）,增加战士与骑士英雄的魔法防御(MA),3,5,"0,4",62.4,,,,,,,,,,,
131,精神（敏）,增加刺客与神射手英雄的魔法防御(MA),3,5,"3,5",62.4,,,,,,,,,,,
132,精神（智）,增加法师与牧师英雄的魔法防御(MA),3,5,"1,2",62.4,,,,,,,,,,,
133,精神（战）,增加战士英雄的魔法防御(MA),2,5,0,33.6,,,,,,,,,,,
134,精神（骑）,增加骑士英雄的魔法防御(MA),2,5,4,33.6,,,,,,,,,,,
135,精神（刺）,增加刺客英雄的魔法防御(MA),2,5,3,33.6,,,,,,,,,,,
136,精神（弓）,增加神射手英雄的魔法防御(MA),2,5,5,33.6,,,,,,,,,,,
137,精神（牧）,增加牧师英雄的魔法防御(MA),2,5,2,33.6,,,,,,,,,,,
138,精神（法）,增加法师英雄的魔法防御(MA),2,5,1,33.6,,,,,,,,,,,
139,鹰眼,增加全体英雄的命中率,4,6,"0,1,2,3,4,5",78.4,,,,,,,,,,,
140,鹰眼（力）,增加战士与骑士英雄的命中率,3,6,1,2,71.4,,,,,,,,,,,
141,鹰眼（敏）,增加刺客与神射手英雄的命中率,3,6,4,3,71.4,,,,,,,,,,,
142,鹰眼（智）,增加法师与牧师英雄的命中率,3,6,6,5,71.4,,,,,,,,,,,
143,灵敏,增加全体英雄的闪避率,4,7,"0,1,2,3,4,5",76.2,,,,,,,,,,,
144,灵敏（力）,增加战士与骑士英雄的闪避率,3,7,1,2,57.2,,,,,,,,,,,
145,灵敏（敏）,增加刺客与神射手英雄的闪避率,3,7,4,3,57.2,,,,,,,,,,,
146,灵敏（智）,增加法师与牧师英雄的闪避率,3,7,6,5,57.2,,,,,,,,,,,
147,狂躁,增加全体英雄的暴击率,4,8,"0,1,2,3,4,5",62.72,,,,,,,,,,,
148,狂躁（力）,增加战士与骑士英雄的暴击率,3,8,1,2,57.12,,,,,,,,,,,
149,狂躁（敏）,增加刺客与神射手英雄的暴击率,3,8,4,3,57.12,,,,,,,,,,,
150,狂躁（智）,增加法师与牧师英雄的暴击率,3,8,6,5,57.12,,,,,,,,,,,
151,残暴,增加全体英雄的暴击伤害,4,10,"0,1,2,3,4,5",,1.5,,,,,,,,,,
152,残暴（力）,增加战士与骑士英雄的暴击伤害,3,10,1,2,,1.1,,,,,,,,,,
153,残暴（敏）,增加刺客与神射手英雄的暴击伤害,3,10,4,3,,1.1,,,,,,,,,,
154,残暴（智）,增加法师与牧师英雄的暴击伤害,3,10,6,5,,1.1,,,,,,,,,,
155,坚韧,增加全体英雄的暴击抵抗,4,9,"0,1,2,3,4,5",62.72,,,,,,,,,,,
156,坚韧（力）,增加战士与骑士英雄的暴击抵抗,3,9,1,2,47.04,,,,,,,,,,,
157,坚韧（敏）,增加刺客与神射手英雄的暴击抵抗,3,9,4,3,47.04,,,,,,,,,,,
158,坚韧（智）,增加法师与牧师英雄的暴击抵抗,3,9,6,5,47.04,,,,,,,,,,,
159,偷袭,增加全体英雄的最终伤害,4,11,"0,1,2,3,4,5",43,,,,,,,,,,,
160,偷袭（力）,增加战士与骑士英雄的最终伤害,3,11,1,2,33.4,,,,,,,,,,,
161,偷袭（敏）,增加刺客与神射手英雄的最终伤害,3,11,4,3,33.4,,,,,,,,,,,
162,偷袭（智）,增加法师与牧师英雄的最终伤害,3,11,6,5,33.4,,,,,,,,,,,
163,石肤,增加全体英雄的伤害减免,4,12,"0,1,2,3,4,5",17.2,,,,,,,,,,,
164,石肤（力）,增加战士与骑士英雄的伤害减免,3,12,1,2,13.4,,,,,,,,,,,
165,石肤（敏）,增加刺客与神射手英雄的伤害减免,3,12,4,3,13.4,,,,,,,,,,,
166,石肤（智）,增加法师与牧师英雄的伤害减免,3,12,6,5,13.4,,,,,,,,,,,
167,野性之怒,增加全体英雄的初始怒气,4,13,"0,1,2,3,4,5",15,,,,,,,,,,,
168,野性之怒（力）,增加战士与骑士英雄的初始怒气,3,13,"0,4",12,,,,,,,,,,,
169,野性之怒（敏）,增加刺客与神射手英雄的初始怒气,3,13,"3,5",12,,,,,,,,,,,
170,野性之怒（智）,增加法师与牧师英雄的初始怒气,3,13,"1,2",12,,,,,,,,,,,
171,野性之怒（战）,增加战士英雄的初始怒气,2,13,0,9,,,,,,,,,,,
172,野性之怒（骑）,增加骑士英雄的初始怒气,2,13,4,9,,,,,,,,,,,
173,野性之怒（刺）,增加刺客英雄的初始怒气,2,13,3,9,,,,,,,,,,,
174,野性之怒（弓）,增加神射手英雄的初始怒气,2,13,5,9,,,,,,,,,,,
175,野性之怒（牧）,增加牧师英雄的初始怒气,2,13,2,9,,,,,,,,,,,
176,野性之怒（法）,增加法师英雄的初始怒气,2,13,1,9,,,,,,,,,,,
177,体魄,增加全体英雄的生命上限(HP),5,1,"0,1,2,3,4,5",2095.2,,,,,,,,,,,
178,体魄（力）,增加战士与骑士英雄的生命上限(HP),4,1,"0,4",1447.2,,,,,,,,,,,
179,体魄（敏）,增加刺客与神射手英雄的生命上限(HP),4,1,"3,5",1447.2,,,,,,,,,,,
180,体魄（智）,增加法师与牧师英雄的生命上限(HP),4,1,"1,2",1447.2,,,,,,,,,,,
181,体魄（战）,增加战士英雄的生命上限(HP),3,1,0,1123.2,,,,,,,,,,,
182,体魄（骑）,增加骑士英雄的生命上限(HP),3,1,4,1123.2,,,,,,,,,,,
183,体魄（刺）,增加刺客英雄的生命上限(HP),3,1,3,1123.2,,,,,,,,,,,
184,体魄（弓）,增加神射手英雄的生命上限(HP),3,1,5,1123.2,,,,,,,,,,,
185,体魄（牧）,增加牧师英雄的生命上限(HP),3,1,2,1123.2,,,,,,,,,,,
186,体魄（法）,增加法师英雄的生命上限(HP),3,1,1,1123.2,,,,,,,,,,,
187,强壮,增加全体英雄的物理攻击(ATK),5,2,"0,1,2,3,4,5",291,,,,,,,,,,,
188,强壮（力）,增加战士与骑士英雄的物理攻击(ATK),4,2,"0,4",201,,,,,,,,,,,
189,强壮（敏）,增加刺客与神射手英雄的物理攻击(ATK),4,2,"3,5",201,,,,,,,,,,,
190,强壮（智）,增加法师与牧师英雄的物理攻击(ATK),4,2,"1,2",201,,,,,,,,,,,
191,强壮（战）,增加战士英雄的物理攻击(ATK),3,2,0,156,,,,,,,,,,,
192,强壮（骑）,增加骑士英雄的物理攻击(ATK),3,2,4,156,,,,,,,,,,,
193,强壮（刺）,增加刺客英雄的物理攻击(ATK),3,2,3,156,,,,,,,,,,,
194,强壮（弓）,增加神射手英雄的物理攻击(ATK),3,2,5,156,,,,,,,,,,,
195,强壮（牧）,增加牧师英雄的物理攻击(ATK),3,2,2,156,,,,,,,,,,,
196,强壮（法）,增加法师英雄的物理攻击(ATK),3,2,1,156,,,,,,,,,,,
197,刃甲,增加全体英雄的物理防御(DEF),5,3,"0,1,2,3,4,5",116.4,,,,,,,,,,,
198,刃甲（力）,增加战士与骑士英雄的物理防御(DEF),4,3,"0,4",80.4,,,,,,,,,,,
199,刃甲（敏）,增加刺客与神射手英雄的物理防御(DEF),4,3,"3,5",80.4,,,,,,,,,,,
200,刃甲（智）,增加法师与牧师英雄的物理防御(DEF),4,3,"1,2",80.4,,,,,,,,,,,
201,刃甲（战）,增加战士英雄的物理防御(DEF),3,3,0,62.4,,,,,,,,,,,
202,刃甲（骑）,增加骑士英雄的物理防御(DEF),3,3,4,62.4,,,,,,,,,,,
203,刃甲（刺）,增加刺客英雄的物理防御(DEF),3,3,3,62.4,,,,,,,,,,,
204,刃甲（弓）,增加神射手英雄的物理防御(DEF),3,3,5,62.4,,,,,,,,,,,
205,刃甲（牧）,增加牧师英雄的物理防御(DEF),3,3,2,62.4,,,,,,,,,,,
206,刃甲（法）,增加法师英雄的物理防御(DEF),3,3,1,62.4,,,,,,,,,,,
207,魔力,增加全体英雄的魔法攻击(MA),5,4,"0,1,2,3,4,5",291,,,,,,,,,,,
208,魔力（力）,增加战士与骑士英雄的魔法攻击(MA),4,4,"0,4",201,,,,,,,,,,,
209,魔力（敏）,增加刺客与神射手英雄的魔法攻击(MA),4,4,"3,5",201,,,,,,,,,,,
210,魔力（智）,增加法师与牧师英雄的魔法攻击(MA),4,4,"1,2",201,,,,,,,,,,,
211,魔力（战）,增加战士英雄的魔法攻击(MA),3,4,0,156,,,,,,,,,,,
212,魔力（骑）,增加骑士英雄的魔法攻击(MA),3,4,4,156,,,,,,,,,,,
213,魔力（刺）,增加刺客英雄的魔法攻击(MA),3,4,3,156,,,,,,,,,,,
214,魔力（弓）,增加神射手英雄的魔法攻击(MA),3,4,5,156,,,,,,,,,,,
215,魔力（牧）,增加牧师英雄的魔法攻击(MA),3,4,2,156,,,,,,,,,,,
216,魔力（法）,增加法师英雄的魔法攻击(MA),3,4,1,156,,,,,,,,,,,
217,精神,增加全体英雄的魔法防御(MA),5,5,"0,1,2,3,4,5",116.4,,,,,,,,,,,
218,精神（力）,增加战士与骑士英雄的魔法防御(MA),4,5,"0,4",80.4,,,,,,,,,,,
219,精神（敏）,增加刺客与神射手英雄的魔法防御(MA),4,5,"3,5",80.4,,,,,,,,,,,
220,精神（智）,增加法师与牧师英雄的魔法防御(MA),4,5,"1,2",80.4,,,,,,,,,,,
221,精神（战）,增加战士英雄的魔法防御(MA),3,5,0,62.4,,,,,,,,,,,
222,精神（骑）,增加骑士英雄的魔法防御(MA),3,5,4,62.4,,,,,,,,,,,
223,精神（刺）,增加刺客英雄的魔法防御(MA),3,5,3,62.4,,,,,,,,,,,
224,精神（弓）,增加神射手英雄的魔法防御(MA),3,5,5,62.4,,,,,,,,,,,
225,精神（牧）,增加牧师英雄的魔法防御(MA),3,5,2,62.4,,,,,,,,,,,
226,精神（法）,增加法师英雄的魔法防御(MA),3,5,1,62.4,,,,,,,,,,,
227,鹰眼,增加全体英雄的命中率,5,6,"0,1,2,3,4,5",98,,,,,,,,,,,
228,鹰眼（力）,增加战士与骑士英雄的命中率,4,6,1,2,95.2,,,,,,,,,,,
229,鹰眼（敏）,增加刺客与神射手英雄的命中率,4,6,4,3,95.2,,,,,,,,,,,
230,鹰眼（智）,增加法师与牧师英雄的命中率,4,6,6,5,95.2,,,,,,,,,,,
231,灵敏,增加全体英雄的闪避率,5,7,"0,1,2,3,4,5",95.2,,,,,,,,,,,
232,灵敏（力）,增加战士与骑士英雄的闪避率,4,7,1,2,76.2,,,,,,,,,,,
233,灵敏（敏）,增加刺客与神射手英雄的闪避率,4,7,4,3,76.2,,,,,,,,,,,
234,灵敏（智）,增加法师与牧师英雄的闪避率,4,7,6,5,76.2,,,,,,,,,,,
235,狂躁,增加全体英雄的暴击率,5,8,"0,1,2,3,4,5",78.4,,,,,,,,,,,
236,狂躁（力）,增加战士与骑士英雄的暴击率,4,8,1,2,76.16,,,,,,,,,,,
237,狂躁（敏）,增加刺客与神射手英雄的暴击率,4,8,4,3,76.16,,,,,,,,,,,
238,狂躁（智）,增加法师与牧师英雄的暴击率,4,8,6,5,76.16,,,,,,,,,,,
239,残暴,增加全体英雄的暴击伤害,5,10,"0,1,2,3,4,5",,1.8,,,,,,,,,,
240,残暴（力）,增加战士与骑士英雄的暴击伤害,4,10,1,2,,1.5,,,,,,,,,,
241,残暴（敏）,增加刺客与神射手英雄的暴击伤害,4,10,4,3,,1.5,,,,,,,,,,
242,残暴（智）,增加法师与牧师英雄的暴击伤害,4,10,6,5,,1.5,,,,,,,,,,
243,坚韧,增加全体英雄的暴击抵抗,5,9,"0,1,2,3,4,5",78.4,,,,,,,,,,,
244,坚韧（力）,增加战士与骑士英雄的暴击抵抗,4,9,1,2,62.72,,,,,,,,,,,
245,坚韧（敏）,增加刺客与神射手英雄的暴击抵抗,4,9,4,3,62.72,,,,,,,,,,,
246,坚韧（智）,增加法师与牧师英雄的暴击抵抗,4,9,6,5,62.72,,,,,,,,,,,
247,偷袭,增加全体英雄的最终伤害,5,11,"0,1,2,3,4,5",62.2,,,,,,,,,,,
248,偷袭（力）,增加战士与骑士英雄的最终伤害,4,11,1,2,43,,,,,,,,,,,
249,偷袭（敏）,增加刺客与神射手英雄的最终伤害,4,11,4,3,43,,,,,,,,,,,
250,偷袭（智）,增加法师与牧师英雄的最终伤害,4,11,6,5,43,,,,,,,,,,,
251,石肤,增加全体英雄的伤害减免,5,12,"0,1,2,3,4,5",25,,,,,,,,,,,
252,石肤（力）,增加战士与骑士英雄的伤害减免,4,12,1,2,17.2,,,,,,,,,,,
253,石肤（敏）,增加刺客与神射手英雄的伤害减免,4,12,4,3,17.2,,,,,,,,,,,
254,石肤（智）,增加法师与牧师英雄的伤害减免,4,12,6,5,17.2,,,,,,,,,,,
255,野性之怒,增加全体英雄的初始怒气,5,13,"0,1,2,3,4,5",18,,,,,,,,,,,
256,野性之怒（力）,增加战士与骑士英雄的初始怒气,4,13,"0,4",15,,,,,,,,,,,
257,野性之怒（敏）,增加刺客与神射手英雄的初始怒气,4,13,"3,5",15,,,,,,,,,,,
258,野性之怒（智）,增加法师与牧师英雄的初始怒气,4,13,"1,2",15,,,,,,,,,,,
259,野性之怒（战）,增加战士英雄的初始怒气,3,13,0,12,,,,,,,,,,,
260,野性之怒（骑）,增加骑士英雄的初始怒气,3,13,4,12,,,,,,,,,,,
261,野性之怒（刺）,增加刺客英雄的初始怒气,3,13,3,12,,,,,,,,,,,
262,野性之怒（弓）,增加神射手英雄的初始怒气,3,13,5,12,,,,,,,,,,,
263,野性之怒（牧）,增加牧师英雄的初始怒气,3,13,2,12,,,,,,,,,,,
264,野性之怒（法）,增加法师英雄的初始怒气,3,13,1,12,,,,,,,,,,,
265,体魄,增加全体英雄的生命上限(HP),6,1,"0,1,2,3,4,5",2743.2,,,,,,,,,,,
266,体魄（力）,增加战士与骑士英雄的生命上限(HP),5,1,"0,4",2095.2,,,,,,,,,,,
267,体魄（敏）,增加刺客与神射手英雄的生命上限(HP),5,1,"3,5",2095.2,,,,,,,,,,,
268,体魄（智）,增加法师与牧师英雄的生命上限(HP),5,1,"1,2",2095.2,,,,,,,,,,,
269,体魄（战）,增加战士英雄的生命上限(HP),4,1,0,1447.2,,,,,,,,,,,
270,体魄（骑）,增加骑士英雄的生命上限(HP),4,1,4,1447.2,,,,,,,,,,,
271,体魄（刺）,增加刺客英雄的生命上限(HP),4,1,3,1447.2,,,,,,,,,,,
272,体魄（弓）,增加神射手英雄的生命上限(HP),4,1,5,1447.2,,,,,,,,,,,
273,体魄（牧）,增加牧师英雄的生命上限(HP),4,1,2,1447.2,,,,,,,,,,,
274,体魄（法）,增加法师英雄的生命上限(HP),4,1,1,1447.2,,,,,,,,,,,
275,强壮,增加全体英雄的物理攻击(ATK),6,2,"0,1,2,3,4,5",381,,,,,,,,,,,
276,强壮（力）,增加战士与骑士英雄的物理攻击(ATK),5,2,"0,4",291,,,,,,,,,,,
277,强壮（敏）,增加刺客与神射手英雄的物理攻击(ATK),5,2,"3,5",291,,,,,,,,,,,
278,强壮（智）,增加法师与牧师英雄的物理攻击(ATK),5,2,"1,2",291,,,,,,,,,,,
279,强壮（战）,增加战士英雄的物理攻击(ATK),4,2,0,201,,,,,,,,,,,
280,强壮（骑）,增加骑士英雄的物理攻击(ATK),4,2,4,201,,,,,,,,,,,
281,强壮（刺）,增加刺客英雄的物理攻击(ATK),4,2,3,201,,,,,,,,,,,
282,强壮（弓）,增加神射手英雄的物理攻击(ATK),4,2,5,201,,,,,,,,,,,
283,强壮（牧）,增加牧师英雄的物理攻击(ATK),4,2,2,201,,,,,,,,,,,
284,强壮（法）,增加法师英雄的物理攻击(ATK),4,2,1,201,,,,,,,,,,,
285,刃甲,增加全体英雄的物理防御(DEF),6,3,"0,1,2,3,4,5",152.4,,,,,,,,,,,
286,刃甲（力）,增加战士与骑士英雄的物理防御(DEF),5,3,"0,4",116.4,,,,,,,,,,,
287,刃甲（敏）,增加刺客与神射手英雄的物理防御(DEF),5,3,"3,5",116.4,,,,,,,,,,,
288,刃甲（智）,增加法师与牧师英雄的物理防御(DEF),5,3,"1,2",116.4,,,,,,,,,,,
289,刃甲（战）,增加战士英雄的物理防御(DEF),4,3,0,80.4,,,,,,,,,,,
290,刃甲（骑）,增加骑士英雄的物理防御(DEF),4,3,4,80.4,,,,,,,,,,,
291,刃甲（刺）,增加刺客英雄的物理防御(DEF),4,3,3,80.4,,,,,,,,,,,
292,刃甲（弓）,增加神射手英雄的物理防御(DEF),4,3,5,80.4,,,,,,,,,,,
293,刃甲（牧）,增加牧师英雄的物理防御(DEF),4,3,2,80.4,,,,,,,,,,,
294,刃甲（法）,增加法师英雄的物理防御(DEF),4,3,1,80.4,,,,,,,,,,,
295,魔力,增加全体英雄的魔法攻击(MA),6,4,"0,1,2,3,4,5",381,,,,,,,,,,,
296,魔力（力）,增加战士与骑士英雄的魔法攻击(MA),5,4,"0,4",291,,,,,,,,,,,
297,魔力（敏）,增加刺客与神射手英雄的魔法攻击(MA),5,4,"3,5",291,,,,,,,,,,,
298,魔力（智）,增加法师与牧师英雄的魔法攻击(MA),5,4,"1,2",291,,,,,,,,,,,
299,魔力（战）,增加战士英雄的魔法攻击(MA),4,4,0,201,,,,,,,,,,,
300,魔力（骑）,增加骑士英雄的魔法攻击(MA),4,4,4,201,,,,,,,,,,,
301,魔力（刺）,增加刺客英雄的魔法攻击(MA),4,4,3,201,,,,,,,,,,,
302,魔力（弓）,增加神射手英雄的魔法攻击(MA),4,4,5,201,,,,,,,,,,,
303,魔力（牧）,增加牧师英雄的魔法攻击(MA),4,4,2,201,,,,,,,,,,,
304,魔力（法）,增加法师英雄的魔法攻击(MA),4,4,1,201,,,,,,,,,,,
305,精神,增加全体英雄的魔法防御(MA),6,5,"0,1,2,3,4,5",152.4,,,,,,,,,,,
306,精神（力）,增加战士与骑士英雄的魔法防御(MA),5,5,"0,4",116.4,,,,,,,,,,,
307,精神（敏）,增加刺客与神射手英雄的魔法防御(MA),5,5,"3,5",116.4,,,,,,,,,,,
308,精神（智）,增加法师与牧师英雄的魔法防御(MA),5,5,"1,2",116.4,,,,,,,,,,,
309,精神（战）,增加战士英雄的魔法防御(MA),4,5,0,80.4,,,,,,,,,,,
310,精神（骑）,增加骑士英雄的魔法防御(MA),4,5,4,80.4,,,,,,,,,,,
311,精神（刺）,增加刺客英雄的魔法防御(MA),4,5,3,80.4,,,,,,,,,,,
312,精神（弓）,增加神射手英雄的魔法防御(MA),4,5,5,80.4,,,,,,,,,,,
313,精神（牧）,增加牧师英雄的魔法防御(MA),4,5,2,80.4,,,,,,,,,,,
314,精神（法）,增加法师英雄的魔法防御(MA),4,5,1,80.4,,,,,,,,,,,
315,鹰眼,增加全体英雄的命中率,6,6,"0,1,2,3,4,5",117.6,,,,,,,,,,,
316,鹰眼（力）,增加战士与骑士英雄的命中率,5,6,1,2,119,,,,,,,,,,,
317,鹰眼（敏）,增加刺客与神射手英雄的命中率,5,6,4,3,119,,,,,,,,,,,
318,鹰眼（智）,增加法师与牧师英雄的命中率,5,6,6,5,119,,,,,,,,,,,
319,灵敏,增加全体英雄的闪避率,6,7,"0,1,2,3,4,5",114.4,,,,,,,,,,,
320,灵敏（力）,增加战士与骑士英雄的闪避率,5,7,1,2,95.2,,,,,,,,,,,
321,灵敏（敏）,增加刺客与神射手英雄的闪避率,5,7,4,3,95.2,,,,,,,,,,,
322,灵敏（智）,增加法师与牧师英雄的闪避率,5,7,6,5,95.2,,,,,,,,,,,
323,狂躁,增加全体英雄的暴击率,6,8,"0,1,2,3,4,5",94.08,,,,,,,,,,,
324,狂躁（力）,增加战士与骑士英雄的暴击率,5,8,1,2,95.2,,,,,,,,,,,
325,狂躁（敏）,增加刺客与神射手英雄的暴击率,5,8,4,3,95.2,,,,,,,,,,,
326,狂躁（智）,增加法师与牧师英雄的暴击率,5,8,6,5,95.2,,,,,,,,,,,
327,残暴,增加全体英雄的暴击伤害,6,10,"0,1,2,3,4,5",,2.2,,,,,,,,,,
328,残暴（力）,增加战士与骑士英雄的暴击伤害,5,10,1,2,,1.8,,,,,,,,,,
329,残暴（敏）,增加刺客与神射手英雄的暴击伤害,5,10,4,3,,1.8,,,,,,,,,,
330,残暴（智）,增加法师与牧师英雄的暴击伤害,5,10,6,5,,1.8,,,,,,,,,,
331,坚韧,增加全体英雄的暴击抵抗,6,9,"0,1,2,3,4,5",94.08,,,,,,,,,,,
332,坚韧（力）,增加战士与骑士英雄的暴击抵抗,5,9,1,2,78.4,,,,,,,,,,,
333,坚韧（敏）,增加刺客与神射手英雄的暴击抵抗,5,9,4,3,78.4,,,,,,,,,,,
334,坚韧（智）,增加法师与牧师英雄的暴击抵抗,5,9,6,5,78.4,,,,,,,,,,,
335,偷袭,增加全体英雄的最终伤害,6,11,"0,1,2,3,4,5",81.4,,,,,,,,,,,
336,偷袭（力）,增加战士与骑士英雄的最终伤害,5,11,1,2,62.2,,,,,,,,,,,
337,偷袭（敏）,增加刺客与神射手英雄的最终伤害,5,11,4,3,62.2,,,,,,,,,,,
338,偷袭（智）,增加法师与牧师英雄的最终伤害,5,11,6,5,62.2,,,,,,,,,,,
339,石肤,增加全体英雄的伤害减免,6,12,"0,1,2,3,4,5",32.6,,,,,,,,,,,
340,石肤（力）,增加战士与骑士英雄的伤害减免,5,12,1,2,25,,,,,,,,,,,
341,石肤（敏）,增加刺客与神射手英雄的伤害减免,5,12,4,3,25,,,,,,,,,,,
342,石肤（智）,增加法师与牧师英雄的伤害减免,5,12,6,5,25,,,,,,,,,,,
343,野性之怒,增加全体英雄的初始怒气,6,13,"0,1,2,3,4,5",21,,,,,,,,,,,
344,野性之怒（力）,增加战士与骑士英雄的初始怒气,5,13,"0,4",18,,,,,,,,,,,
345,野性之怒（敏）,增加刺客与神射手英雄的初始怒气,5,13,"3,5",18,,,,,,,,,,,
346,野性之怒（智）,增加法师与牧师英雄的初始怒气,5,13,"1,2",18,,,,,,,,,,,
347,野性之怒（战）,增加战士英雄的初始怒气,4,13,0,15,,,,,,,,,,,
348,野性之怒（骑）,增加骑士英雄的初始怒气,4,13,4,15,,,,,,,,,,,
349,野性之怒（刺）,增加刺客英雄的初始怒气,4,13,3,15,,,,,,,,,,,
350,野性之怒（弓）,增加神射手英雄的初始怒气,4,13,5,15,,,,,,,,,,,
351,野性之怒（牧）,增加牧师英雄的初始怒气,4,13,2,15,,,,,,,,,,,
352,野性之怒（法）,增加法师英雄的初始怒气,4,13,1,15,,,,,,,,,,,
353,英雄之血,增加全体英雄的生命上限(HP),7,1,"0,1,2,3,4,5",3391.2,,,,,,,,,,,
354,英雄之血（力）,增加战士与骑士英雄的生命上限(HP),6,1,"0,4",2743.2,,,,,,,,,,,
355,英雄之血（敏）,增加刺客与神射手英雄的生命上限(HP),6,1,"3,5",2743.2,,,,,,,,,,,
356,英雄之血（智）,增加法师与牧师英雄的生命上限(HP),6,1,"1,2",2743.2,,,,,,,,,,,
357,英雄之血（战）,增加战士英雄的生命上限(HP),5,1,0,2095.2,,,,,,,,,,,
358,英雄之血（骑）,增加骑士英雄的生命上限(HP),5,1,4,2095.2,,,,,,,,,,,
359,英雄之血（刺）,增加刺客英雄的生命上限(HP),5,1,3,2095.2,,,,,,,,,,,
360,英雄之血（弓）,增加神射手英雄的生命上限(HP),5,1,5,2095.2,,,,,,,,,,,
361,英雄之血（牧）,增加牧师英雄的生命上限(HP),5,1,2,2095.2,,,,,,,,,,,
362,英雄之血（法）,增加法师英雄的生命上限(HP),5,1,1,2095.2,,,,,,,,,,,
363,远古之力,增加全体英雄的物理攻击(ATK),7,2,"0,1,2,3,4,5",471,,,,,,,,,,,
364,远古之力（力）,增加战士与骑士英雄的物理攻击(ATK),6,2,"0,4",381,,,,,,,,,,,
365,远古之力（敏）,增加刺客与神射手英雄的物理攻击(ATK),6,2,"3,5",381,,,,,,,,,,,
366,远古之力（智）,增加法师与牧师英雄的物理攻击(ATK),6,2,"1,2",381,,,,,,,,,,,
367,远古之力（战）,增加战士英雄的物理攻击(ATK),5,2,0,291,,,,,,,,,,,
368,远古之力（骑）,增加骑士英雄的物理攻击(ATK),5,2,4,291,,,,,,,,,,,
369,远古之力（刺）,增加刺客英雄的物理攻击(ATK),5,2,3,291,,,,,,,,,,,
370,远古之力（弓）,增加神射手英雄的物理攻击(ATK),5,2,5,291,,,,,,,,,,,
371,远古之力（牧）,增加牧师英雄的物理攻击(ATK),5,2,2,291,,,,,,,,,,,
372,远古之力（法）,增加法师英雄的物理攻击(ATK),5,2,1,291,,,,,,,,,,,
373,迷之护甲,增加全体英雄的物理防御(DEF),7,3,"0,1,2,3,4,5",188.4,,,,,,,,,,,
374,迷之护甲（力）,增加战士与骑士英雄的物理防御(DEF),6,3,"0,4",152.4,,,,,,,,,,,
375,迷之护甲（敏）,增加刺客与神射手英雄的物理防御(DEF),6,3,"3,5",152.4,,,,,,,,,,,
376,迷之护甲（智）,增加法师与牧师英雄的物理防御(DEF),6,3,"1,2",152.4,,,,,,,,,,,
377,迷之护甲（战）,增加战士英雄的物理防御(DEF),5,3,0,116.4,,,,,,,,,,,
378,迷之护甲（骑）,增加骑士英雄的物理防御(DEF),5,3,4,116.4,,,,,,,,,,,
379,迷之护甲（刺）,增加刺客英雄的物理防御(DEF),5,3,3,116.4,,,,,,,,,,,
380,迷之护甲（弓）,增加神射手英雄的物理防御(DEF),5,3,5,116.4,,,,,,,,,,,
381,迷之护甲（牧）,增加牧师英雄的物理防御(DEF),5,3,2,116.4,,,,,,,,,,,
382,迷之护甲（法）,增加法师英雄的物理防御(DEF),5,3,1,116.4,,,,,,,,,,,
383,黑暗源力,增加全体英雄的魔法攻击(MA),7,4,"0,1,2,3,4,5",471,,,,,,,,,,,
384,黑暗源力（力）,增加战士与骑士英雄的魔法攻击(MA),6,4,"0,4",381,,,,,,,,,,,
385,黑暗源力（敏）,增加刺客与神射手英雄的魔法攻击(MA),6,4,"3,5",381,,,,,,,,,,,
386,黑暗源力（智）,增加法师与牧师英雄的魔法攻击(MA),6,4,"1,2",381,,,,,,,,,,,
387,黑暗源力（战）,增加战士英雄的魔法攻击(MA),5,4,0,291,,,,,,,,,,,
388,黑暗源力（骑）,增加骑士英雄的魔法攻击(MA),5,4,4,291,,,,,,,,,,,
389,黑暗源力（刺）,增加刺客英雄的魔法攻击(MA),5,4,3,291,,,,,,,,,,,
390,黑暗源力（弓）,增加神射手英雄的魔法攻击(MA),5,4,5,291,,,,,,,,,,,
391,黑暗源力（牧）,增加牧师英雄的魔法攻击(MA),5,4,2,291,,,,,,,,,,,
392,黑暗源力（法）,增加法师英雄的魔法攻击(MA),5,4,1,291,,,,,,,,,,,
393,光明护体,增加全体英雄的魔法防御(MA),7,5,"0,1,2,3,4,5",188.4,,,,,,,,,,,
394,光明护体（力）,增加战士与骑士英雄的魔法防御(MA),6,5,"0,4",152.4,,,,,,,,,,,
395,光明护体（敏）,增加刺客与神射手英雄的魔法防御(MA),6,5,"3,5",152.4,,,,,,,,,,,
396,光明护体（智）,增加法师与牧师英雄的魔法防御(MA),6,5,"1,2",152.4,,,,,,,,,,,
397,光明护体（战）,增加战士英雄的魔法防御(MA),5,5,0,116.4,,,,,,,,,,,
398,光明护体（骑）,增加骑士英雄的魔法防御(MA),5,5,4,116.4,,,,,,,,,,,
399,光明护体（刺）,增加刺客英雄的魔法防御(MA),5,5,3,116.4,,,,,,,,,,,
400,光明护体（弓）,增加神射手英雄的魔法防御(MA),5,5,5,116.4,,,,,,,,,,,
401,光明护体（牧）,增加牧师英雄的魔法防御(MA),5,5,2,116.4,,,,,,,,,,,
402,光明护体（法）,增加法师英雄的魔法防御(MA),5,5,1,116.4,,,,,,,,,,,
403,神眼,增加全体英雄的命中率,7,6,"0,1,2,3,4,5",137.2,,,,,,,,,,,
404,神眼（力）,增加战士与骑士英雄的命中率,6,6,1,2,142.8,,,,,,,,,,,
405,神眼（敏）,增加刺客与神射手英雄的命中率,6,6,4,3,142.8,,,,,,,,,,,
406,神眼（智）,增加法师与牧师英雄的命中率,6,6,6,5,142.8,,,,,,,,,,,
407,闪灵,增加全体英雄的闪避率,7,7,"0,1,2,3,4,5",133.4,,,,,,,,,,,
408,闪灵（力）,增加战士与骑士英雄的闪避率,6,7,1,2,114.4,,,,,,,,,,,
409,闪灵（敏）,增加刺客与神射手英雄的闪避率,6,7,4,3,114.4,,,,,,,,,,,
410,闪灵（智）,增加法师与牧师英雄的闪避率,6,7,6,5,114.4,,,,,,,,,,,
411,暴怒,增加全体英雄的暴击率,7,8,"0,1,2,3,4,5",109.76,,,,,,,,,,,
412,暴怒（力）,增加战士与骑士英雄的暴击率,6,8,1,2,114.24,,,,,,,,,,,
413,暴怒（敏）,增加刺客与神射手英雄的暴击率,6,8,4,3,114.24,,,,,,,,,,,
414,暴怒（智）,增加法师与牧师英雄的暴击率,6,8,6,5,114.24,,,,,,,,,,,
415,致死,增加全体英雄的暴击伤害,7,10,"0,1,2,3,4,5",,2.5,,,,,,,,,,
416,致死（力）,增加战士与骑士英雄的暴击伤害,6,10,1,2,,2.2,,,,,,,,,,
417,致死（敏）,增加刺客与神射手英雄的暴击伤害,6,10,4,3,,2.2,,,,,,,,,,
418,致死（智）,增加法师与牧师英雄的暴击伤害,6,10,6,5,,2.2,,,,,,,,,,
419,不屈,增加全体英雄的暴击抵抗,7,9,"0,1,2,3,4,5",109.76,,,,,,,,,,,
420,不屈（力）,增加战士与骑士英雄的暴击抵抗,6,9,1,2,94.08,,,,,,,,,,,
421,不屈（敏）,增加刺客与神射手英雄的暴击抵抗,6,9,4,3,94.08,,,,,,,,,,,
422,不屈（智）,增加法师与牧师英雄的暴击抵抗,6,9,6,5,94.08,,,,,,,,,,,
423,暗杀,增加全体英雄的最终伤害,7,11,"0,1,2,3,4,5",100.6,,,,,,,,,,,
424,暗杀（力）,增加战士与骑士英雄的最终伤害,6,11,1,2,81.4,,,,,,,,,,,
425,暗杀（敏）,增加刺客与神射手英雄的最终伤害,6,11,4,3,81.4,,,,,,,,,,,
426,暗杀（智）,增加法师与牧师英雄的最终伤害,6,11,6,5,81.4,,,,,,,,,,,
427,钻石之体,增加全体英雄的伤害减免,7,12,"0,1,2,3,4,5",40.2,,,,,,,,,,,
428,钻石之体（力）,增加战士与骑士英雄的伤害减免,6,12,1,2,32.6,,,,,,,,,,,
429,钻石之体（敏）,增加刺客与神射手英雄的伤害减免,6,12,4,3,32.6,,,,,,,,,,,
430,钻石之体（智）,增加法师与牧师英雄的伤害减免,6,12,6,5,32.6,,,,,,,,,,,
431,无尽之怒,增加全体英雄的初始怒气,7,13,"0,1,2,3,4,5",24,,,,,,,,,,,
432,无尽之怒（力）,增加战士与骑士英雄的初始怒气,6,13,1,2,21,,,,,,,,,,,
433,无尽之怒（敏）,增加刺客与神射手英雄的初始怒气,6,13,4,3,21,,,,,,,,,,,
434,无尽之怒（智）,增加法师与牧师英雄的初始怒气,6,13,6,5,21,,,,,,,,,,,
435,无尽之怒（战）,增加战士英雄的初始怒气,5,13,1,18,,,,,,,,,,,
436,无尽之怒（骑）,增加骑士英雄的初始怒气,5,13,2,18,,,,,,,,,,,
437,无尽之怒（刺）,增加刺客英雄的初始怒气,5,13,3,18,,,,,,,,,,,
438,无尽之怒（弓）,增加神射手英雄的初始怒气,5,13,4,18,,,,,,,,,,,
439,无尽之怒（牧）,增加牧师英雄的初始怒气,5,13,5,18,,,,,,,,,,,
440,无尽之怒（法）,增加法师英雄的初始怒气,5,13,6,18,,,,,,,,,,,
441,王者之血,"增加全体英雄的生命上限(HP）,英雄能力越强,增加的越多",3,1,"0,1,2,3,4,5",,0.46 ,,,,,,,,,,
442,王者之血（力）,"增加战士与骑士英雄的生命上限(HP）,英雄能力越强,增加的越多",3,1,"0,4",,0.56 ,,,,,,,,,,
443,王者之血（敏）,"增加刺客与神射手英雄的生命上限(HP）,英雄能力越强,增加的越多",3,1,"3,5",,0.56 ,,,,,,,,,,
444,王者之血（智）,"增加法师与牧师英雄的生命上限(HP）,英雄能力越强,增加的越多",3,1,"1,2",,0.56 ,,,,,,,,,,
445,王者之血（战）,"增加战士英雄的生命上限(HP）,英雄能力越强,增加的越多",3,1,0,,0.66 ,,,,,,,,,,
446,王者之血（骑）,"增加骑士英雄的生命上限(HP）,英雄能力越强,增加的越多",3,1,4,,0.66 ,,,,,,,,,,
447,王者之血（刺）,"增加刺客英雄的生命上限(HP）,英雄能力越强,增加的越多",3,1,3,,0.66 ,,,,,,,,,,
448,王者之血（弓）,"增加神射手英雄的生命上限(HP）,英雄能力越强,增加的越多",3,1,5,,0.66 ,,,,,,,,,,
449,王者之血（牧）,"增加牧师英雄的生命上限(HP）,英雄能力越强,增加的越多",3,1,2,,0.66 ,,,,,,,,,,
450,王者之血（法）,"增加法师英雄的生命上限(HP）,英雄能力越强,增加的越多",3,1,1,,0.66 ,,,,,,,,,,
451,巨龙之力,"增加全体英雄的物理攻击(ATK）,英雄能力越强,增加的越多",3,2,"0,1,2,3,4,5",,0.46 ,,,,,,,,,,
452,巨龙之力（力）,"增加战士与骑士英雄的物理攻击(ATK）,英雄能力越强,增加的越多",3,2,"0,4",,0.56 ,,,,,,,,,,
453,巨龙之力（敏）,"增加刺客与神射手英雄的物理攻击(ATK）,英雄能力越强,增加的越多",3,2,"3,5",,0.56 ,,,,,,,,,,
454,巨龙之力（智）,"增加法师与牧师英雄的物理攻击(ATK）,英雄能力越强,增加的越多",3,2,"1,2",,0.56 ,,,,,,,,,,
455,巨龙之力（战）,"增加战士英雄的物理攻击(ATK）,英雄能力越强,增加的越多",3,2,0,,0.66 ,,,,,,,,,,
456,巨龙之力（骑）,"增加骑士英雄的物理攻击(ATK）,英雄能力越强,增加的越多",3,2,4,,0.66 ,,,,,,,,,,
457,巨龙之力（刺）,"增加刺客英雄的物理攻击(ATK）,英雄能力越强,增加的越多",3,2,3,,0.66 ,,,,,,,,,,
458,巨龙之力（弓）,"增加神射手英雄的物理攻击(ATK）,英雄能力越强,增加的越多",3,2,5,,0.66 ,,,,,,,,,,
459,巨龙之力（牧）,"增加牧师英雄的物理攻击(ATK）,英雄能力越强,增加的越多",3,2,2,,0.66 ,,,,,,,,,,
460,巨龙之力（法）,"增加法师英雄的物理攻击(ATK）,英雄能力越强,增加的越多",3,2,1,,0.66 ,,,,,,,,,,
461,大地之护,"增加全体英雄的物理防御(DEF）,英雄能力越强,增加的越多",3,3,"0,1,2,3,4,5",,0.46 ,,,,,,,,,,
462,大地之护（力）,"增加战士与骑士英雄的物理防御(DEF）,英雄能力越强,增加的越多",3,3,"0,4",,0.56 ,,,,,,,,,,
463,大地之护（敏）,"增加刺客与神射手英雄的物理防御(DEF）,英雄能力越强,增加的越多",3,3,"3,5",,0.56 ,,,,,,,,,,
464,大地之护（智）,"增加法师与牧师英雄的物理防御(DEF）,英雄能力越强,增加的越多",3,3,"1,2",,0.56 ,,,,,,,,,,
465,大地之护（战）,"增加战士英雄的物理防御(DEF）,英雄能力越强,增加的越多",3,3,0,,0.66 ,,,,,,,,,,
466,大地之护（骑）,"增加骑士英雄的物理防御(DEF）,英雄能力越强,增加的越多",3,3,4,,0.66 ,,,,,,,,,,
467,大地之护（刺）,"增加刺客英雄的物理防御(DEF）,英雄能力越强,增加的越多",3,3,3,,0.66 ,,,,,,,,,,
468,大地之护（弓）,"增加神射手英雄的物理防御(DEF）,英雄能力越强,增加的越多",3,3,5,,0.66 ,,,,,,,,,,
469,大地之护（牧）,"增加牧师英雄的物理防御(DEF）,英雄能力越强,增加的越多",3,3,2,,0.66 ,,,,,,,,,,
470,大地之护（法）,"增加法师英雄的物理防御(DEF）,英雄能力越强,增加的越多",3,3,1,,0.66 ,,,,,,,,,,
471,远古之源,"增加全体英雄的魔法攻击(MA）,英雄能力越强,增加的越多",3,4,"0,1,2,3,4,5",,0.46 ,,,,,,,,,,
472,远古之源（力）,"增加战士与骑士英雄的魔法攻击(MA）,英雄能力越强,增加的越多",3,4,"0,4",,0.56 ,,,,,,,,,,
473,远古之源（敏）,"增加刺客与神射手英雄的魔法攻击(MA）,英雄能力越强,增加的越多",3,4,"3,5",,0.56 ,,,,,,,,,,
474,远古之源（智）,"增加法师与牧师英雄的魔法攻击(MA）,英雄能力越强,增加的越多",3,4,"1,2",,0.56 ,,,,,,,,,,
475,远古之源（战）,"增加战士英雄的魔法攻击(MA）,英雄能力越强,增加的越多",3,4,0,,0.66 ,,,,,,,,,,
476,远古之源（骑）,"增加骑士英雄的魔法攻击(MA）,英雄能力越强,增加的越多",3,4,4,,0.66 ,,,,,,,,,,
477,远古之源（刺）,"增加刺客英雄的魔法攻击(MA）,英雄能力越强,增加的越多",3,4,3,,0.66 ,,,,,,,,,,
478,远古之源（弓）,"增加神射手英雄的魔法攻击(MA）,英雄能力越强,增加的越多",3,4,5,,0.66 ,,,,,,,,,,
479,远古之源（牧）,"增加牧师英雄的魔法攻击(MA）,英雄能力越强,增加的越多",3,4,2,,0.66 ,,,,,,,,,,
480,远古之源（法）,"增加法师英雄的魔法攻击(MA）,英雄能力越强,增加的越多",3,4,1,,0.66 ,,,,,,,,,,
481,自然之爱,"增加全体英雄的魔法防御(MA）,英雄能力越强,增加的越多",3,5,"0,1,2,3,4,5",,0.46 ,,,,,,,,,,
482,自然之爱（力）,"增加战士与骑士英雄的魔法防御(MA）,英雄能力越强,增加的越多",3,5,"0,4",,0.56 ,,,,,,,,,,
483,自然之爱（敏）,"增加刺客与神射手英雄的魔法防御(MA）,英雄能力越强,增加的越多",3,5,"3,5",,0.56 ,,,,,,,,,,
484,自然之爱（智）,"增加法师与牧师英雄的魔法防御(MA）,英雄能力越强,增加的越多",3,5,"1,2",,0.56 ,,,,,,,,,,
485,自然之爱（战）,"增加战士英雄的魔法防御(MA）,英雄能力越强,增加的越多",3,5,0,,0.66 ,,,,,,,,,,
486,自然之爱（骑）,"增加骑士英雄的魔法防御(MA）,英雄能力越强,增加的越多",3,5,4,,0.66 ,,,,,,,,,,
487,自然之爱（刺）,"增加刺客英雄的魔法防御(MA）,英雄能力越强,增加的越多",3,5,3,,0.66 ,,,,,,,,,,
488,自然之爱（弓）,"增加神射手英雄的魔法防御(MA）,英雄能力越强,增加的越多",3,5,5,,0.66 ,,,,,,,,,,
489,自然之爱（牧）,"增加牧师英雄的魔法防御(MA）,英雄能力越强,增加的越多",3,5,2,,0.66 ,,,,,,,,,,
490,自然之爱（法）,"增加法师英雄的魔法防御(MA）,英雄能力越强,增加的越多",3,5,1,,0.66 ,,,,,,,,,,
441,王者之血,"增加全体英雄的生命上限(HP）,英雄能力越强,增加的越多",4,1,"0,1,2,3,4,5",,0.60 ,,,,,,,,,,
442,王者之血（力）,"增加战士与骑士英雄的生命上限(HP）,英雄能力越强,增加的越多",4,1,"0,4",,0.72 ,,,,,,,,,,
443,王者之血（敏）,"增加刺客与神射手英雄的生命上限(HP）,英雄能力越强,增加的越多",4,1,"3,5",,0.72 ,,,,,,,,,,
444,王者之血（智）,"增加法师与牧师英雄的生命上限(HP）,英雄能力越强,增加的越多",4,1,"1,2",,0.72 ,,,,,,,,,,
445,王者之血（战）,"增加战士英雄的生命上限(HP）,英雄能力越强,增加的越多",4,1,0,,0.86 ,,,,,,,,,,
446,王者之血（骑）,"增加骑士英雄的生命上限(HP）,英雄能力越强,增加的越多",4,1,4,,0.86 ,,,,,,,,,,
447,王者之血（刺）,"增加刺客英雄的生命上限(HP）,英雄能力越强,增加的越多",4,1,3,,0.86 ,,,,,,,,,,
448,王者之血（弓）,"增加神射手英雄的生命上限(HP）,英雄能力越强,增加的越多",4,1,5,,0.86 ,,,,,,,,,,
449,王者之血（牧）,"增加牧师英雄的生命上限(HP）,英雄能力越强,增加的越多",4,1,2,,0.86 ,,,,,,,,,,
450,王者之血（法）,"增加法师英雄的生命上限(HP）,英雄能力越强,增加的越多",4,1,1,,0.86 ,,,,,,,,,,
451,巨龙之力,"增加全体英雄的物理攻击(ATK）,英雄能力越强,增加的越多",4,2,"0,1,2,3,4,5",,0.60 ,,,,,,,,,,
452,巨龙之力（力）,"增加战士与骑士英雄的物理攻击(ATK）,英雄能力越强,增加的越多",4,2,"0,4",,0.72 ,,,,,,,,,,
453,巨龙之力（敏）,"增加刺客与神射手英雄的物理攻击(ATK）,英雄能力越强,增加的越多",4,2,"3,5",,0.72 ,,,,,,,,,,
454,巨龙之力（智）,"增加法师与牧师英雄的物理攻击(ATK）,英雄能力越强,增加的越多",4,2,"1,2",,0.72 ,,,,,,,,,,
455,巨龙之力（战）,"增加战士英雄的物理攻击(ATK）,英雄能力越强,增加的越多",4,2,0,,0.86 ,,,,,,,,,,
456,巨龙之力（骑）,"增加骑士英雄的物理攻击(ATK）,英雄能力越强,增加的越多",4,2,4,,0.86 ,,,,,,,,,,
457,巨龙之力（刺）,"增加刺客英雄的物理攻击(ATK）,英雄能力越强,增加的越多",4,2,3,,0.86 ,,,,,,,,,,
458,巨龙之力（弓）,"增加神射手英雄的物理攻击(ATK）,英雄能力越强,增加的越多",4,2,5,,0.86 ,,,,,,,,,,
459,巨龙之力（牧）,"增加牧师英雄的物理攻击(ATK）,英雄能力越强,增加的越多",4,2,2,,0.86 ,,,,,,,,,,
460,巨龙之力（法）,"增加法师英雄的物理攻击(ATK）,英雄能力越强,增加的越多",4,2,1,,0.86 ,,,,,,,,,,
461,大地之护,"增加全体英雄的物理防御(DEF）,英雄能力越强,增加的越多",4,3,"0,1,2,3,4,5",,0.60 ,,,,,,,,,,
462,大地之护（力）,"增加战士与骑士英雄的物理防御(DEF）,英雄能力越强,增加的越多",4,3,"0,4",,0.72 ,,,,,,,,,,
463,大地之护（敏）,"增加刺客与神射手英雄的物理防御(DEF）,英雄能力越强,增加的越多",4,3,"3,5",,0.72 ,,,,,,,,,,
464,大地之护（智）,"增加法师与牧师英雄的物理防御(DEF）,英雄能力越强,增加的越多",4,3,"1,2",,0.72 ,,,,,,,,,,
465,大地之护（战）,"增加战士英雄的物理防御(DEF）,英雄能力越强,增加的越多",4,3,0,,0.86 ,,,,,,,,,,
466,大地之护（骑）,"增加骑士英雄的物理防御(DEF）,英雄能力越强,增加的越多",4,3,4,,0.86 ,,,,,,,,,,
467,大地之护（刺）,"增加刺客英雄的物理防御(DEF）,英雄能力越强,增加的越多",4,3,3,,0.86 ,,,,,,,,,,
468,大地之护（弓）,"增加神射手英雄的物理防御(DEF）,英雄能力越强,增加的越多",4,3,5,,0.86 ,,,,,,,,,,
469,大地之护（牧）,"增加牧师英雄的物理防御(DEF）,英雄能力越强,增加的越多",4,3,2,,0.86 ,,,,,,,,,,
470,大地之护（法）,"增加法师英雄的物理防御(DEF）,英雄能力越强,增加的越多",4,3,1,,0.86 ,,,,,,,,,,
471,远古之源,"增加全体英雄的魔法攻击(MA）,英雄能力越强,增加的越多",4,4,"0,1,2,3,4,5",,0.60 ,,,,,,,,,,
472,远古之源（力）,"增加战士与骑士英雄的魔法攻击(MA）,英雄能力越强,增加的越多",4,4,"0,4",,0.72 ,,,,,,,,,,
473,远古之源（敏）,"增加刺客与神射手英雄的魔法攻击(MA）,英雄能力越强,增加的越多",4,4,"3,5",,0.72 ,,,,,,,,,,
474,远古之源（智）,"增加法师与牧师英雄的魔法攻击(MA）,英雄能力越强,增加的越多",4,4,"1,2",,0.72 ,,,,,,,,,,
475,远古之源（战）,"增加战士英雄的魔法攻击(MA）,英雄能力越强,增加的越多",4,4,0,,0.86 ,,,,,,,,,,
476,远古之源（骑）,"增加骑士英雄的魔法攻击(MA）,英雄能力越强,增加的越多",4,4,4,,0.86 ,,,,,,,,,,
477,远古之源（刺）,"增加刺客英雄的魔法攻击(MA）,英雄能力越强,增加的越多",4,4,3,,0.86 ,,,,,,,,,,
478,远古之源（弓）,"增加神射手英雄的魔法攻击(MA）,英雄能力越强,增加的越多",4,4,5,,0.86 ,,,,,,,,,,
479,远古之源（牧）,"增加牧师英雄的魔法攻击(MA）,英雄能力越强,增加的越多",4,4,2,,0.86 ,,,,,,,,,,
480,远古之源（法）,"增加法师英雄的魔法攻击(MA）,英雄能力越强,增加的越多",4,4,1,,0.86 ,,,,,,,,,,
481,自然之爱,"增加全体英雄的魔法防御(MA）,英雄能力越强,增加的越多",4,5,"0,1,2,3,4,5",,0.60 ,,,,,,,,,,
482,自然之爱（力）,"增加战士与骑士英雄的魔法防御(MA）,英雄能力越强,增加的越多",4,5,"0,4",,0.72 ,,,,,,,,,,
483,自然之爱（敏）,"增加刺客与神射手英雄的魔法防御(MA）,英雄能力越强,增加的越多",4,5,"3,5",,0.72 ,,,,,,,,,,
484,自然之爱（智）,"增加法师与牧师英雄的魔法防御(MA）,英雄能力越强,增加的越多",4,5,"1,2",,0.72 ,,,,,,,,,,
485,自然之爱（战）,"增加战士英雄的魔法防御(MA）,英雄能力越强,增加的越多",4,5,0,,0.86 ,,,,,,,,,,
486,自然之爱（骑）,"增加骑士英雄的魔法防御(MA）,英雄能力越强,增加的越多",4,5,4,,0.86 ,,,,,,,,,,
487,自然之爱（刺）,"增加刺客英雄的魔法防御(MA）,英雄能力越强,增加的越多",4,5,3,,0.86 ,,,,,,,,,,
488,自然之爱（弓）,"增加神射手英雄的魔法防御(MA）,英雄能力越强,增加的越多",4,5,5,,0.86 ,,,,,,,,,,
489,自然之爱（牧）,"增加牧师英雄的魔法防御(MA）,英雄能力越强,增加的越多",4,5,2,,0.86 ,,,,,,,,,,
490,自然之爱（法）,"增加法师英雄的魔法防御(MA）,英雄能力越强,增加的越多",4,5,1,,0.86 ,,,,,,,,,,
441,王者之血,"增加全体英雄的生命上限(HP）,英雄能力越强,增加的越多",5,1,"0,1,2,3,4,5",,0.86 ,,,,,,,,,,
442,王者之血（力）,"增加战士与骑士英雄的生命上限(HP）,英雄能力越强,增加的越多",5,1,"0,4",,1.06 ,,,,,,,,,,
443,王者之血（敏）,"增加刺客与神射手英雄的生命上限(HP）,英雄能力越强,增加的越多",5,1,"3,5",,1.06 ,,,,,,,,,,
444,王者之血（智）,"增加法师与牧师英雄的生命上限(HP）,英雄能力越强,增加的越多",5,1,"1,2",,1.06 ,,,,,,,,,,
445,王者之血（战）,"增加战士英雄的生命上限(HP）,英雄能力越强,增加的越多",5,1,0,,1.24 ,,,,,,,,,,
446,王者之血（骑）,"增加骑士英雄的生命上限(HP）,英雄能力越强,增加的越多",5,1,4,,1.24 ,,,,,,,,,,
447,王者之血（刺）,"增加刺客英雄的生命上限(HP）,英雄能力越强,增加的越多",5,1,3,,1.24 ,,,,,,,,,,
448,王者之血（弓）,"增加神射手英雄的生命上限(HP）,英雄能力越强,增加的越多",5,1,5,,1.24 ,,,,,,,,,,
449,王者之血（牧）,"增加牧师英雄的生命上限(HP）,英雄能力越强,增加的越多",5,1,2,,1.24 ,,,,,,,,,,
450,王者之血（法）,"增加法师英雄的生命上限(HP）,英雄能力越强,增加的越多",5,1,1,,1.24 ,,,,,,,,,,
451,巨龙之力,"增加全体英雄的物理攻击(ATK）,英雄能力越强,增加的越多",5,2,"0,1,2,3,4,5",,0.86 ,,,,,,,,,,
452,巨龙之力（力）,"增加战士与骑士英雄的物理攻击(ATK）,英雄能力越强,增加的越多",5,2,"0,4",,1.06 ,,,,,,,,,,
453,巨龙之力（敏）,"增加刺客与神射手英雄的物理攻击(ATK）,英雄能力越强,增加的越多",5,2,"3,5",,1.06 ,,,,,,,,,,
454,巨龙之力（智）,"增加法师与牧师英雄的物理攻击(ATK）,英雄能力越强,增加的越多",5,2,"1,2",,1.06 ,,,,,,,,,,
455,巨龙之力（战）,"增加战士英雄的物理攻击(ATK）,英雄能力越强,增加的越多",5,2,0,,1.24 ,,,,,,,,,,
456,巨龙之力（骑）,"增加骑士英雄的物理攻击(ATK）,英雄能力越强,增加的越多",5,2,4,,1.24 ,,,,,,,,,,
457,巨龙之力（刺）,"增加刺客英雄的物理攻击(ATK）,英雄能力越强,增加的越多",5,2,3,,1.24 ,,,,,,,,,,
458,巨龙之力（弓）,"增加神射手英雄的物理攻击(ATK）,英雄能力越强,增加的越多",5,2,5,,1.24 ,,,,,,,,,,
459,巨龙之力（牧）,"增加牧师英雄的物理攻击(ATK）,英雄能力越强,增加的越多",5,2,2,,1.24 ,,,,,,,,,,
460,巨龙之力（法）,"增加法师英雄的物理攻击(ATK）,英雄能力越强,增加的越多",5,2,1,,1.24 ,,,,,,,,,,
461,大地之护,"增加全体英雄的物理防御(DEF）,英雄能力越强,增加的越多",5,3,"0,1,2,3,4,5",,0.86 ,,,,,,,,,,
462,大地之护（力）,"增加战士与骑士英雄的物理防御(DEF）,英雄能力越强,增加的越多",5,3,"0,4",,1.06 ,,,,,,,,,,
463,大地之护（敏）,"增加刺客与神射手英雄的物理防御(DEF）,英雄能力越强,增加的越多",5,3,"3,5",,1.06 ,,,,,,,,,,
464,大地之护（智）,"增加法师与牧师英雄的物理防御(DEF）,英雄能力越强,增加的越多",5,3,"1,2",,1.06 ,,,,,,,,,,
465,大地之护（战）,"增加战士英雄的物理防御(DEF）,英雄能力越强,增加的越多",5,3,0,,1.24 ,,,,,,,,,,
466,大地之护（骑）,"增加骑士英雄的物理防御(DEF）,英雄能力越强,增加的越多",5,3,4,,1.24 ,,,,,,,,,,
467,大地之护（刺）,"增加刺客英雄的物理防御(DEF）,英雄能力越强,增加的越多",5,3,3,,1.24 ,,,,,,,,,,
468,大地之护（弓）,"增加神射手英雄的物理防御(DEF）,英雄能力越强,增加的越多",5,3,5,,1.24 ,,,,,,,,,,
469,大地之护（牧）,"增加牧师英雄的物理防御(DEF）,英雄能力越强,增加的越多",5,3,2,,1.24 ,,,,,,,,,,
470,大地之护（法）,"增加法师英雄的物理防御(DEF）,英雄能力越强,增加的越多",5,3,1,,1.24 ,,,,,,,,,,
471,远古之源,"增加全体英雄的魔法攻击(MA）,英雄能力越强,增加的越多",5,4,"0,1,2,3,4,5",,0.86 ,,,,,,,,,,
472,远古之源（力）,"增加战士与骑士英雄的魔法攻击(MA）,英雄能力越强,增加的越多",5,4,"0,4",,1.06 ,,,,,,,,,,
473,远古之源（敏）,"增加刺客与神射手英雄的魔法攻击(MA）,英雄能力越强,增加的越多",5,4,"3,5",,1.06 ,,,,,,,,,,
474,远古之源（智）,"增加法师与牧师英雄的魔法攻击(MA）,英雄能力越强,增加的越多",5,4,"1,2",,1.06 ,,,,,,,,,,
475,远古之源（战）,"增加战士英雄的魔法攻击(MA）,英雄能力越强,增加的越多",5,4,0,,1.24 ,,,,,,,,,,
476,远古之源（骑）,"增加骑士英雄的魔法攻击(MA）,英雄能力越强,增加的越多",5,4,4,,1.24 ,,,,,,,,,,
477,远古之源（刺）,"增加刺客英雄的魔法攻击(MA）,英雄能力越强,增加的越多",5,4,3,,1.24 ,,,,,,,,,,
478,远古之源（弓）,"增加神射手英雄的魔法攻击(MA）,英雄能力越强,增加的越多",5,4,5,,1.24 ,,,,,,,,,,
479,远古之源（牧）,"增加牧师英雄的魔法攻击(MA）,英雄能力越强,增加的越多",5,4,2,,1.24 ,,,,,,,,,,
480,远古之源（法）,"增加法师英雄的魔法攻击(MA）,英雄能力越强,增加的越多",5,4,1,,1.24 ,,,,,,,,,,
481,自然之爱,"增加全体英雄的魔法防御(MA）,英雄能力越强,增加的越多",5,5,"0,1,2,3,4,5",,0.86 ,,,,,,,,,,
482,自然之爱（力）,"增加战士与骑士英雄的魔法防御(MA）,英雄能力越强,增加的越多",5,5,"0,4",,1.06 ,,,,,,,,,,
483,自然之爱（敏）,"增加刺客与神射手英雄的魔法防御(MA）,英雄能力越强,增加的越多",5,5,"3,5",,1.06 ,,,,,,,,,,
484,自然之爱（智）,"增加法师与牧师英雄的魔法防御(MA）,英雄能力越强,增加的越多",5,5,"1,2",,1.06 ,,,,,,,,,,
485,自然之爱（战）,"增加战士英雄的魔法防御(MA）,英雄能力越强,增加的越多",5,5,0,,1.24 ,,,,,,,,,,
486,自然之爱（骑）,"增加骑士英雄的魔法防御(MA）,英雄能力越强,增加的越多",5,5,4,,1.24 ,,,,,,,,,,
487,自然之爱（刺）,"增加刺客英雄的魔法防御(MA）,英雄能力越强,增加的越多",5,5,3,,1.24 ,,,,,,,,,,
488,自然之爱（弓）,"增加神射手英雄的魔法防御(MA）,英雄能力越强,增加的越多",5,5,5,,1.24 ,,,,,,,,,,
489,自然之爱（牧）,"增加牧师英雄的魔法防御(MA）,英雄能力越强,增加的越多",5,5,2,,1.24 ,,,,,,,,,,
490,自然之爱（法）,"增加法师英雄的魔法防御(MA）,英雄能力越强,增加的越多",5,5,1,,1.24 ,,,,,,,,,,
441,王者之血,"增加全体英雄的生命上限(HP）,英雄能力越强,增加的越多",6,1,"0,1,2,3,4,5",,1.14 ,,,,,,,,,,
442,王者之血（力）,"增加战士与骑士英雄的生命上限(HP）,英雄能力越强,增加的越多",6,1,"0,4",,1.38 ,,,,,,,,,,
443,王者之血（敏）,"增加刺客与神射手英雄的生命上限(HP）,英雄能力越强,增加的越多",6,1,"3,5",,1.38 ,,,,,,,,,,
444,王者之血（智）,"增加法师与牧师英雄的生命上限(HP）,英雄能力越强,增加的越多",6,1,"1,2",,1.38 ,,,,,,,,,,
445,王者之血（战）,"增加战士英雄的生命上限(HP）,英雄能力越强,增加的越多",6,1,0,,1.62 ,,,,,,,,,,
446,王者之血（骑）,"增加骑士英雄的生命上限(HP）,英雄能力越强,增加的越多",6,1,4,,1.62 ,,,,,,,,,,
447,王者之血（刺）,"增加刺客英雄的生命上限(HP）,英雄能力越强,增加的越多",6,1,3,,1.62 ,,,,,,,,,,
448,王者之血（弓）,"增加神射手英雄的生命上限(HP）,英雄能力越强,增加的越多",6,1,5,,1.62 ,,,,,,,,,,
449,王者之血（牧）,"增加牧师英雄的生命上限(HP）,英雄能力越强,增加的越多",6,1,2,,1.62 ,,,,,,,,,,
450,王者之血（法）,"增加法师英雄的生命上限(HP）,英雄能力越强,增加的越多",6,1,1,,1.62 ,,,,,,,,,,
451,巨龙之力,"增加全体英雄的物理攻击(ATK）,英雄能力越强,增加的越多",6,2,"0,1,2,3,4,5",,1.14 ,,,,,,,,,,
452,巨龙之力（力）,"增加战士与骑士英雄的物理攻击(ATK）,英雄能力越强,增加的越多",6,2,"0,4",,1.38 ,,,,,,,,,,
453,巨龙之力（敏）,"增加刺客与神射手英雄的物理攻击(ATK）,英雄能力越强,增加的越多",6,2,"3,5",,1.38 ,,,,,,,,,,
454,巨龙之力（智）,"增加法师与牧师英雄的物理攻击(ATK）,英雄能力越强,增加的越多",6,2,"1,2",,1.38 ,,,,,,,,,,
455,巨龙之力（战）,"增加战士英雄的物理攻击(ATK）,英雄能力越强,增加的越多",6,2,0,,1.62 ,,,,,,,,,,
456,巨龙之力（骑）,"增加骑士英雄的物理攻击(ATK）,英雄能力越强,增加的越多",6,2,4,,1.62 ,,,,,,,,,,
457,巨龙之力（刺）,"增加刺客英雄的物理攻击(ATK）,英雄能力越强,增加的越多",6,2,3,,1.62 ,,,,,,,,,,
458,巨龙之力（弓）,"增加神射手英雄的物理攻击(ATK）,英雄能力越强,增加的越多",6,2,5,,1.62 ,,,,,,,,,,
459,巨龙之力（牧）,"增加牧师英雄的物理攻击(ATK）,英雄能力越强,增加的越多",6,2,2,,1.62 ,,,,,,,,,,
460,巨龙之力（法）,"增加法师英雄的物理攻击(ATK）,英雄能力越强,增加的越多",6,2,1,,1.62 ,,,,,,,,,,
461,大地之护,"增加全体英雄的物理防御(DEF）,英雄能力越强,增加的越多",6,3,"0,1,2,3,4,5",,1.14 ,,,,,,,,,,
462,大地之护（力）,"增加战士与骑士英雄的物理防御(DEF）,英雄能力越强,增加的越多",6,3,"0,4",,1.38 ,,,,,,,,,,
463,大地之护（敏）,"增加刺客与神射手英雄的物理防御(DEF）,英雄能力越强,增加的越多",6,3,"3,5",,1.38 ,,,,,,,,,,
464,大地之护（智）,"增加法师与牧师英雄的物理防御(DEF）,英雄能力越强,增加的越多",6,3,"1,2",,1.38 ,,,,,,,,,,
465,大地之护（战）,"增加战士英雄的物理防御(DEF）,英雄能力越强,增加的越多",6,3,0,,1.62 ,,,,,,,,,,
466,大地之护（骑）,"增加骑士英雄的物理防御(DEF）,英雄能力越强,增加的越多",6,3,4,,1.62 ,,,,,,,,,,
467,大地之护（刺）,"增加刺客英雄的物理防御(DEF）,英雄能力越强,增加的越多",6,3,3,,1.62 ,,,,,,,,,,
468,大地之护（弓）,"增加神射手英雄的物理防御(DEF）,英雄能力越强,增加的越多",6,3,5,,1.62 ,,,,,,,,,,
469,大地之护（牧）,"增加牧师英雄的物理防御(DEF）,英雄能力越强,增加的越多",6,3,2,,1.62 ,,,,,,,,,,
470,大地之护（法）,"增加法师英雄的物理防御(DEF）,英雄能力越强,增加的越多",6,3,1,,1.62 ,,,,,,,,,,
471,远古之源,"增加全体英雄的魔法攻击(MA）,英雄能力越强,增加的越多",6,4,"0,1,2,3,4,5",,1.14 ,,,,,,,,,,
472,远古之源（力）,"增加战士与骑士英雄的魔法攻击(MA）,英雄能力越强,增加的越多",6,4,"0,4",,1.38 ,,,,,,,,,,
473,远古之源（敏）,"增加刺客与神射手英雄的魔法攻击(MA）,英雄能力越强,增加的越多",6,4,"3,5",,1.38 ,,,,,,,,,,
474,远古之源（智）,"增加法师与牧师英雄的魔法攻击(MA）,英雄能力越强,增加的越多",6,4,"1,2",,1.38 ,,,,,,,,,,
475,远古之源（战）,"增加战士英雄的魔法攻击(MA）,英雄能力越强,增加的越多",6,4,0,,1.62 ,,,,,,,,,,
476,远古之源（骑）,"增加骑士英雄的魔法攻击(MA）,英雄能力越强,增加的越多",6,4,4,,1.62 ,,,,,,,,,,
477,远古之源（刺）,"增加刺客英雄的魔法攻击(MA）,英雄能力越强,增加的越多",6,4,3,,1.62 ,,,,,,,,,,
478,远古之源（弓）,"增加神射手英雄的魔法攻击(MA）,英雄能力越强,增加的越多",6,4,5,,1.62 ,,,,,,,,,,
479,远古之源（牧）,"增加牧师英雄的魔法攻击(MA）,英雄能力越强,增加的越多",6,4,2,,1.62 ,,,,,,,,,,
480,远古之源（法）,"增加法师英雄的魔法攻击(MA）,英雄能力越强,增加的越多",6,4,1,,1.62 ,,,,,,,,,,
481,自然之爱,"增加全体英雄的魔法防御(MA）,英雄能力越强,增加的越多",6,5,"0,1,2,3,4,5",,1.14 ,,,,,,,,,,
482,自然之爱（力）,"增加战士与骑士英雄的魔法防御(MA）,英雄能力越强,增加的越多",6,5,"0,4",,1.38 ,,,,,,,,,,
483,自然之爱（敏）,"增加刺客与神射手英雄的魔法防御(MA）,英雄能力越强,增加的越多",6,5,"3,5",,1.38 ,,,,,,,,,,
484,自然之爱（智）,"增加法师与牧师英雄的魔法防御(MA）,英雄能力越强,增加的越多",6,5,"1,2",,1.38 ,,,,,,,,,,
485,自然之爱（战）,"增加战士英雄的魔法防御(MA）,英雄能力越强,增加的越多",6,5,0,,1.62 ,,,,,,,,,,
486,自然之爱（骑）,"增加骑士英雄的魔法防御(MA）,英雄能力越强,增加的越多",6,5,4,,1.62 ,,,,,,,,,,
487,自然之爱（刺）,"增加刺客英雄的魔法防御(MA）,英雄能力越强,增加的越多",6,5,3,,1.62 ,,,,,,,,,,
488,自然之爱（弓）,"增加神射手英雄的魔法防御(MA）,英雄能力越强,增加的越多",6,5,5,,1.62 ,,,,,,,,,,
489,自然之爱（牧）,"增加牧师英雄的魔法防御(MA）,英雄能力越强,增加的越多",6,5,2,,1.62 ,,,,,,,,,,
490,自然之爱（法）,"增加法师英雄的魔法防御(MA）,英雄能力越强,增加的越多",6,5,1,,1.62 ,,,,,,,,,,
441,王者之血,"增加全体英雄的生命上限(HP）,英雄能力越强,增加的越多",7,1,"0,1,2,3,4,5",,1.40 ,,,,,,,,,,
442,王者之血（力）,"增加战士与骑士英雄的生命上限(HP）,英雄能力越强,增加的越多",7,1,"0,4",,1.70 ,,,,,,,,,,
443,王者之血（敏）,"增加刺客与神射手英雄的生命上限(HP）,英雄能力越强,增加的越多",7,1,"3,5",,1.70 ,,,,,,,,,,
444,王者之血（智）,"增加法师与牧师英雄的生命上限(HP）,英雄能力越强,增加的越多",7,1,"1,2",,1.70 ,,,,,,,,,,
445,王者之血（战）,"增加战士英雄的生命上限(HP）,英雄能力越强,增加的越多",7,1,0,,2.00 ,,,,,,,,,,
446,王者之血（骑）,"增加骑士英雄的生命上限(HP）,英雄能力越强,增加的越多",7,1,4,,2.00 ,,,,,,,,,,
447,王者之血（刺）,"增加刺客英雄的生命上限(HP）,英雄能力越强,增加的越多",7,1,3,,2.00 ,,,,,,,,,,
448,王者之血（弓）,"增加神射手英雄的生命上限(HP）,英雄能力越强,增加的越多",7,1,5,,2.00 ,,,,,,,,,,
449,王者之血（牧）,"增加牧师英雄的生命上限(HP）,英雄能力越强,增加的越多",7,1,2,,2.00 ,,,,,,,,,,
450,王者之血（法）,"增加法师英雄的生命上限(HP）,英雄能力越强,增加的越多",7,1,1,,2.00 ,,,,,,,,,,
451,巨龙之力,"增加全体英雄的物理攻击(ATK）,英雄能力越强,增加的越多",7,2,"0,1,2,3,4,5",,1.40 ,,,,,,,,,,
452,巨龙之力（力）,"增加战士与骑士英雄的物理攻击(ATK）,英雄能力越强,增加的越多",7,2,"0,4",,1.70 ,,,,,,,,,,
453,巨龙之力（敏）,"增加刺客与神射手英雄的物理攻击(ATK）,英雄能力越强,增加的越多",7,2,"3,5",,1.70 ,,,,,,,,,,
454,巨龙之力（智）,"增加法师与牧师英雄的物理攻击(ATK）,英雄能力越强,增加的越多",7,2,"1,2",,1.70 ,,,,,,,,,,
455,巨龙之力（战）,"增加战士英雄的物理攻击(ATK）,英雄能力越强,增加的越多",7,2,0,,2.00 ,,,,,,,,,,
456,巨龙之力（骑）,"增加骑士英雄的物理攻击(ATK）,英雄能力越强,增加的越多",7,2,4,,2.00 ,,,,,,,,,,
457,巨龙之力（刺）,"增加刺客英雄的物理攻击(ATK）,英雄能力越强,增加的越多",7,2,3,,2.00 ,,,,,,,,,,
458,巨龙之力（弓）,"增加神射手英雄的物理攻击(ATK）,英雄能力越强,增加的越多",7,2,5,,2.00 ,,,,,,,,,,
459,巨龙之力（牧）,"增加牧师英雄的物理攻击(ATK）,英雄能力越强,增加的越多",7,2,2,,2.00 ,,,,,,,,,,
460,巨龙之力（法）,"增加法师英雄的物理攻击(ATK）,英雄能力越强,增加的越多",7,2,1,,2.00 ,,,,,,,,,,
461,大地之护,"增加全体英雄的物理防御(DEF）,英雄能力越强,增加的越多",7,3,"0,1,2,3,4,5",,1.40 ,,,,,,,,,,
462,大地之护（力）,"增加战士与骑士英雄的物理防御(DEF）,英雄能力越强,增加的越多",7,3,"0,4",,1.70 ,,,,,,,,,,
463,大地之护（敏）,"增加刺客与神射手英雄的物理防御(DEF）,英雄能力越强,增加的越多",7,3,"3,5",,1.70 ,,,,,,,,,,
464,大地之护（智）,"增加法师与牧师英雄的物理防御(DEF）,英雄能力越强,增加的越多",7,3,"1,2",,1.70 ,,,,,,,,,,
465,大地之护（战）,"增加战士英雄的物理防御(DEF）,英雄能力越强,增加的越多",7,3,0,,2.00 ,,,,,,,,,,
466,大地之护（骑）,"增加骑士英雄的物理防御(DEF）,英雄能力越强,增加的越多",7,3,4,,2.00 ,,,,,,,,,,
467,大地之护（刺）,"增加刺客英雄的物理防御(DEF）,英雄能力越强,增加的越多",7,3,3,,2.00 ,,,,,,,,,,
468,大地之护（弓）,"增加神射手英雄的物理防御(DEF）,英雄能力越强,增加的越多",7,3,5,,2.00 ,,,,,,,,,,
469,大地之护（牧）,"增加牧师英雄的物理防御(DEF）,英雄能力越强,增加的越多",7,3,2,,2.00 ,,,,,,,,,,
470,大地之护（法）,"增加法师英雄的物理防御(DEF）,英雄能力越强,增加的越多",7,3,1,,2.00 ,,,,,,,,,,
471,远古之源,"增加全体英雄的魔法攻击(MA）,英雄能力越强,增加的越多",7,4,"0,1,2,3,4,5",,1.40 ,,,,,,,,,,
472,远古之源（力）,"增加战士与骑士英雄的魔法攻击(MA）,英雄能力越强,增加的越多",7,4,"0,4",,1.70 ,,,,,,,,,,
473,远古之源（敏）,"增加刺客与神射手英雄的魔法攻击(MA）,英雄能力越强,增加的越多",7,4,"3,5",,1.70 ,,,,,,,,,,
474,远古之源（智）,"增加法师与牧师英雄的魔法攻击(MA）,英雄能力越强,增加的越多",7,4,"1,2",,1.70 ,,,,,,,,,,
475,远古之源（战）,"增加战士英雄的魔法攻击(MA）,英雄能力越强,增加的越多",7,4,0,,2.00 ,,,,,,,,,,
476,远古之源（骑）,"增加骑士英雄的魔法攻击(MA）,英雄能力越强,增加的越多",7,4,4,,2.00 ,,,,,,,,,,
477,远古之源（刺）,"增加刺客英雄的魔法攻击(MA）,英雄能力越强,增加的越多",7,4,3,,2.00 ,,,,,,,,,,
478,远古之源（弓）,"增加神射手英雄的魔法攻击(MA）,英雄能力越强,增加的越多",7,4,5,,2.00 ,,,,,,,,,,
479,远古之源（牧）,"增加牧师英雄的魔法攻击(MA）,英雄能力越强,增加的越多",7,4,2,,2.00 ,,,,,,,,,,
480,远古之源（法）,"增加法师英雄的魔法攻击(MA）,英雄能力越强,增加的越多",7,4,1,,2.00 ,,,,,,,,,,
481,自然之爱,"增加全体英雄的魔法防御(MA）,英雄能力越强,增加的越多",7,5,"0,1,2,3,4,5",,1.40 ,,,,,,,,,,
482,自然之爱（力）,"增加战士与骑士英雄的魔法防御(MA）,英雄能力越强,增加的越多",7,5,"0,4",,1.70 ,,,,,,,,,,
483,自然之爱（敏）,"增加刺客与神射手英雄的魔法防御(MA）,英雄能力越强,增加的越多",7,5,"3,5",,1.70 ,,,,,,,,,,
484,自然之爱（智）,"增加法师与牧师英雄的魔法防御(MA）,英雄能力越强,增加的越多",7,5,"1,2",,1.70 ,,,,,,,,,,
485,自然之爱（战）,"增加战士英雄的魔法防御(MA）,英雄能力越强,增加的越多",7,5,0,,2.00 ,,,,,,,,,,
486,自然之爱（骑）,"增加骑士英雄的魔法防御(MA）,英雄能力越强,增加的越多",7,5,4,,2.00 ,,,,,,,,,,
487,自然之爱（刺）,"增加刺客英雄的魔法防御(MA）,英雄能力越强,增加的越多",7,5,3,,2.00 ,,,,,,,,,,
488,自然之爱（弓）,"增加神射手英雄的魔法防御(MA）,英雄能力越强,增加的越多",7,5,5,,2.00 ,,,,,,,,,,
489,自然之爱（牧）,"增加牧师英雄的魔法防御(MA）,英雄能力越强,增加的越多",7,5,2,,2.00 ,,,,,,,,,,
490,自然之爱（法）,"增加法师英雄的魔法防御(MA）,英雄能力越强,增加的越多",7,5,1,,2.00 ,,,,,,,,,,
